[run number],birds-dispersal-distance,birth-rate-birds,world-width,world-height,initial-population,max-birds-species,death-rate-birds,migration-rate-birds,Video,prob-frag,Deforestation-at-time,end-time,Migration0-at-deforestation,deforestation-type,birds-behavior,replacement-rate,random-seed,[step],birds-at-deforestation,calc-number-of-species,calc-shannon-diversity,count birds,siminputrow
1,1.1,1.7,199,199,0,100,1,1e-4,FALSE,0.6,0,1500,FALSE,regular,BirthSelection,0.3,189438127,1500,0,28,2.7034161361326623,32214,1
1,1.2,1.7,199,199,0,100,1,1e-4,FALSE,0.6,0,1500,FALSE,regular,BirthSelection,0.3,189438127,1500,0,25,2.6572794007453697,32137,2
1,1.5,1.7,199,199,0,100,1,1e-4,FALSE,0.6,0,1500,FALSE,regular,BirthSelection,0.3,189438127,1500,0,29,2.772527485299693,33500,3
1,2,1.7,199,199,0,100,1,1e-4,FALSE,0.6,0,1500,FALSE,regular,BirthSelection,0.3,189438127,1500,0,22,2.3546272800446633,34710,4
1,3,1.7,199,199,0,100,1,1e-4,FALSE,0.6,0,1500,FALSE,regular,BirthSelection,0.3,189438127,1500,0,18,2.1982904109302983,35472,5
1,1.1,2,199,199,0,100,1,1e-4,FALSE,0.6,0,1500,FALSE,regular,BirthSelection,0.3,189438127,1500,0,28,2.900212999473142,33965,6
1,1.2,2,199,199,0,100,1,1e-4,FALSE,0.6,0,1500,FALSE,regular,BirthSelection,0.3,189438127,1500,0,24,2.622932450590871,33906,7
1,1.5,2,199,199,0,100,1,1e-4,FALSE,0.6,0,1500,FALSE,regular,BirthSelection,0.3,189438127,1500,0,26,2.769446701952262,35200,8
1,2,2,199,199,0,100,1,1e-4,FALSE,0.6,0,1500,FALSE,regular,BirthSelection,0.3,189438127,1500,0,11,1.979289567253926,36052,9
1,3,2,199,199,0,100,1,1e-4,FALSE,0.6,0,1500,FALSE,regular,BirthSelection,0.3,189438127,1500,0,16,1.946144034452872,36925,10
1,1.1,1.7,199,199,0,100,1,1e-4,FALSE,0.6,0,1500,FALSE,regular,BirthSelection,0.3,-299185758,1500,0,23,2.6427859069947277,32045,1
1,1.2,1.7,199,199,0,100,1,1e-4,FALSE,0.6,0,1500,FALSE,regular,BirthSelection,0.3,-299185758,1500,0,28,2.7650488520124905,32407,2
1,1.5,1.7,199,199,0,100,1,1e-4,FALSE,0.6,0,1500,FALSE,regular,BirthSelection,0.3,-299185758,1500,0,21,2.5018549351253254,33589,3
1,2,1.7,199,199,0,100,1,1e-4,FALSE,0.6,0,1500,FALSE,regular,BirthSelection,0.3,-299185758,1500,0,18,2.277342243358412,34824,4
1,3,1.7,199,199,0,100,1,1e-4,FALSE,0.6,0,1500,FALSE,regular,BirthSelection,0.3,-299185758,1500,0,13,2.055800246043986,35705,5
1,1.1,2,199,199,0,100,1,1e-4,FALSE,0.6,0,1500,FALSE,regular,BirthSelection,0.3,-299185758,1500,0,26,2.7186264700449776,33915,6
1,1.2,2,199,199,0,100,1,1e-4,FALSE,0.6,0,1500,FALSE,regular,BirthSelection,0.3,-299185758,1500,0,22,2.778045571357799,34153,7
1,1.5,2,199,199,0,100,1,1e-4,FALSE,0.6,0,1500,FALSE,regular,BirthSelection,0.3,-299185758,1500,0,27,2.72301132615589,35181,8
1,2,2,199,199,0,100,1,1e-4,FALSE,0.6,0,1500,FALSE,regular,BirthSelection,0.3,-299185758,1500,0,17,2.2941326322066096,36150,9
1,3,2,199,199,0,100,1,1e-4,FALSE,0.6,0,1500,FALSE,regular,BirthSelection,0.3,-299185758,1500,0,12,2.014048827645301,36859,10
1,1.1,1.7,199,199,0,100,1,1e-4,FALSE,0.6,0,1500,FALSE,regular,BirthSelection,0.3,1473575151,1500,0,25,2.6858761620034843,32136,1
1,1.2,1.7,199,199,0,100,1,1e-4,FALSE,0.6,0,1500,FALSE,regular,BirthSelection,0.3,1473575151,1500,0,30,2.7672465977111487,32375,2
1,1.5,1.7,199,199,0,100,1,1e-4,FALSE,0.6,0,1500,FALSE,regular,BirthSelection,0.3,1473575151,1500,0,27,2.737586041474993,33657,3
1,2,1.7,199,199,0,100,1,1e-4,FALSE,0.6,0,1500,FALSE,regular,BirthSelection,0.3,1473575151,1500,0,15,2.3597890027157713,34788,4
1,3,1.7,199,199,0,100,1,1e-4,FALSE,0.6,0,1500,FALSE,regular,BirthSelection,0.3,1473575151,1500,0,15,2.14775809034178,35590,5
1,1.1,2,199,199,0,100,1,1e-4,FALSE,0.6,0,1500,FALSE,regular,BirthSelection,0.3,1473575151,1500,0,25,2.639389089411768,33824,6
1,1.2,2,199,199,0,100,1,1e-4,FALSE,0.6,0,1500,FALSE,regular,BirthSelection,0.3,1473575151,1500,0,32,2.8526954649203566,34106,7
1,1.5,2,199,199,0,100,1,1e-4,FALSE,0.6,0,1500,FALSE,regular,BirthSelection,0.3,1473575151,1500,0,25,2.6229788856211314,35121,8
1,2,2,199,199,0,100,1,1e-4,FALSE,0.6,0,1500,FALSE,regular,BirthSelection,0.3,1473575151,1500,0,22,2.572133416361389,35860,9
1,3,2,199,199,0,100,1,1e-4,FALSE,0.6,0,1500,FALSE,regular,BirthSelection,0.3,1473575151,1500,0,13,2.0956895582505544,36818,10
1,1.1,1.7,199,199,0,100,1,1e-4,FALSE,0.6,0,1500,FALSE,regular,BirthSelection,0.3,527398585,1500,0,27,2.694755794529495,32082,1
1,1.2,1.7,199,199,0,100,1,1e-4,FALSE,0.6,0,1500,FALSE,regular,BirthSelection,0.3,527398585,1500,0,28,2.771854384914162,32366,2
1,1.5,1.7,199,199,0,100,1,1e-4,FALSE,0.6,0,1500,FALSE,regular,BirthSelection,0.3,527398585,1500,0,25,2.599521641424069,33501,3
1,2,1.7,199,199,0,100,1,1e-4,FALSE,0.6,0,1500,FALSE,regular,BirthSelection,0.3,527398585,1500,0,21,2.351173977135516,34646,4
1,3,1.7,199,199,0,100,1,1e-4,FALSE,0.6,0,1500,FALSE,regular,BirthSelection,0.3,527398585,1500,0,18,2.368004783473981,35810,5
1,1.1,2,199,199,0,100,1,1e-4,FALSE,0.6,0,1500,FALSE,regular,BirthSelection,0.3,527398585,1500,0,25,2.7075859234171147,34053,6
1,1.2,2,199,199,0,100,1,1e-4,FALSE,0.6,0,1500,FALSE,regular,BirthSelection,0.3,527398585,1500,0,25,2.7506076843699616,34150,7
1,1.5,2,199,199,0,100,1,1e-4,FALSE,0.6,0,1500,FALSE,regular,BirthSelection,0.3,527398585,1500,0,22,2.4894758548628633,35198,8
1,2,2,199,199,0,100,1,1e-4,FALSE,0.6,0,1500,FALSE,regular,BirthSelection,0.3,527398585,1500,0,18,2.3154648738573043,36087,9
1,3,2,199,199,0,100,1,1e-4,FALSE,0.6,0,1500,FALSE,regular,BirthSelection,0.3,527398585,1500,0,17,2.1787892406562253,36638,10
1,1.1,1.7,199,199,0,100,1,1e-4,FALSE,0.6,0,1500,FALSE,regular,BirthSelection,0.3,748638779,1500,0,27,2.694908607025485,32100,1
1,1.2,1.7,199,199,0,100,1,1e-4,FALSE,0.6,0,1500,FALSE,regular,BirthSelection,0.3,748638779,1500,0,22,2.6202894961070524,32418,2
1,1.5,1.7,199,199,0,100,1,1e-4,FALSE,0.6,0,1500,FALSE,regular,BirthSelection,0.3,748638779,1500,0,17,2.327778283298349,33460,3
1,2,1.7,199,199,0,100,1,1e-4,FALSE,0.6,0,1500,FALSE,regular,BirthSelection,0.3,748638779,1500,0,15,2.2794547569347032,34582,4
1,3,1.7,199,199,0,100,1,1e-4,FALSE,0.6,0,1500,FALSE,regular,BirthSelection,0.3,748638779,1500,0,11,2.0645033045344112,35688,5
1,1.1,2,199,199,0,100,1,1e-4,FALSE,0.6,0,1500,FALSE,regular,BirthSelection,0.3,748638779,1500,0,27,2.7461876651852735,33968,6
1,1.2,2,199,199,0,100,1,1e-4,FALSE,0.6,0,1500,FALSE,regular,BirthSelection,0.3,748638779,1500,0,24,2.5615473890888607,34201,7
1,1.5,2,199,199,0,100,1,1e-4,FALSE,0.6,0,1500,FALSE,regular,BirthSelection,0.3,748638779,1500,0,20,2.483221368777514,35322,8
1,2,2,199,199,0,100,1,1e-4,FALSE,0.6,0,1500,FALSE,regular,BirthSelection,0.3,748638779,1500,0,12,1.985125363938156,36206,9
1,3,2,199,199,0,100,1,1e-4,FALSE,0.6,0,1500,FALSE,regular,BirthSelection,0.3,748638779,1500,0,12,1.971551561891014,36790,10
1,1.1,1.7,199,199,0,100,1,1e-4,FALSE,0.6,0,1500,FALSE,regular,BirthSelection,0.3,-1182547224,1500,0,23,2.627802811581131,32078,1
1,1.2,1.7,199,199,0,100,1,1e-4,FALSE,0.6,0,1500,FALSE,regular,BirthSelection,0.3,-1182547224,1500,0,27,2.371244974903546,32183,2
1,1.5,1.7,199,199,0,100,1,1e-4,FALSE,0.6,0,1500,FALSE,regular,BirthSelection,0.3,-1182547224,1500,0,22,2.671067784330137,33549,3
1,2,1.7,199,199,0,100,1,1e-4,FALSE,0.6,0,1500,FALSE,regular,BirthSelection,0.3,-1182547224,1500,0,20,2.3604535712771764,34742,4
1,3,1.7,199,199,0,100,1,1e-4,FALSE,0.6,0,1500,FALSE,regular,BirthSelection,0.3,-1182547224,1500,0,20,2.520295471265711,35452,5
1,1.1,2,199,199,0,100,1,1e-4,FALSE,0.6,0,1500,FALSE,regular,BirthSelection,0.3,-1182547224,1500,0,24,2.6673127042963145,33882,6
1,1.2,2,199,199,0,100,1,1e-4,FALSE,0.6,0,1500,FALSE,regular,BirthSelection,0.3,-1182547224,1500,0,25,2.710437293509122,34170,7
1,1.5,2,199,199,0,100,1,1e-4,FALSE,0.6,0,1500,FALSE,regular,BirthSelection,0.3,-1182547224,1500,0,20,2.4535377436961383,35089,8
1,2,2,199,199,0,100,1,1e-4,FALSE,0.6,0,1500,FALSE,regular,BirthSelection,0.3,-1182547224,1500,0,12,2.0280085045995433,35945,9
1,3,2,199,199,0,100,1,1e-4,FALSE,0.6,0,1500,FALSE,regular,BirthSelection,0.3,-1182547224,1500,0,14,2.155706261163155,36969,10
1,1.1,1.7,199,199,0,100,1,1e-4,FALSE,0.6,0,1500,FALSE,regular,BirthSelection,0.3,-950468272,1500,0,27,2.8361458472873746,32134,1
1,1.2,1.7,199,199,0,100,1,1e-4,FALSE,0.6,0,1500,FALSE,regular,BirthSelection,0.3,-950468272,1500,0,25,2.5729596968967203,32182,2
1,1.5,1.7,199,199,0,100,1,1e-4,FALSE,0.6,0,1500,FALSE,regular,BirthSelection,0.3,-950468272,1500,0,24,2.7412728152127377,33585,3
1,2,1.7,199,199,0,100,1,1e-4,FALSE,0.6,0,1500,FALSE,regular,BirthSelection,0.3,-950468272,1500,0,17,2.334502455366071,34718,4
1,3,1.7,199,199,0,100,1,1e-4,FALSE,0.6,0,1500,FALSE,regular,BirthSelection,0.3,-950468272,1500,0,16,2.124758609709299,35648,5
1,1.1,2,199,199,0,100,1,1e-4,FALSE,0.6,0,1500,FALSE,regular,BirthSelection,0.3,-950468272,1500,0,26,2.755566246660732,34070,6
1,1.2,2,199,199,0,100,1,1e-4,FALSE,0.6,0,1500,FALSE,regular,BirthSelection,0.3,-950468272,1500,0,25,2.7055380332196717,34239,7
1,1.5,2,199,199,0,100,1,1e-4,FALSE,0.6,0,1500,FALSE,regular,BirthSelection,0.3,-950468272,1500,0,21,2.6297570239475827,35213,8
1,2,2,199,199,0,100,1,1e-4,FALSE,0.6,0,1500,FALSE,regular,BirthSelection,0.3,-950468272,1500,0,21,2.4382311848707903,35982,9
1,3,2,199,199,0,100,1,1e-4,FALSE,0.6,0,1500,FALSE,regular,BirthSelection,0.3,-950468272,1500,0,15,2.3676065452745787,36891,10
1,1.1,1.7,199,199,0,100,1,1e-4,FALSE,0.6,0,1500,FALSE,regular,BirthSelection,0.3,-1895274044,1500,0,29,2.763120574880586,32198,1
1,1.2,1.7,199,199,0,100,1,1e-4,FALSE,0.6,0,1500,FALSE,regular,BirthSelection,0.3,-1895274044,1500,0,26,2.801652952821185,32470,2
1,1.5,1.7,199,199,0,100,1,1e-4,FALSE,0.6,0,1500,FALSE,regular,BirthSelection,0.3,-1895274044,1500,0,20,2.5276479707853143,33777,3
1,2,1.7,199,199,0,100,1,1e-4,FALSE,0.6,0,1500,FALSE,regular,BirthSelection,0.3,-1895274044,1500,0,20,2.2880727350058128,34890,4
1,3,1.7,199,199,0,100,1,1e-4,FALSE,0.6,0,1500,FALSE,regular,BirthSelection,0.3,-1895274044,1500,0,17,2.2773948462608713,35672,5
1,1.1,2,199,199,0,100,1,1e-4,FALSE,0.6,0,1500,FALSE,regular,BirthSelection,0.3,-1895274044,1500,0,26,2.7908961432225876,33961,6
1,1.2,2,199,199,0,100,1,1e-4,FALSE,0.6,0,1500,FALSE,regular,BirthSelection,0.3,-1895274044,1500,0,21,2.7132097545534446,34179,7
1,1.5,2,199,199,0,100,1,1e-4,FALSE,0.6,0,1500,FALSE,regular,BirthSelection,0.3,-1895274044,1500,0,22,2.671261955444507,35106,8
1,2,2,199,199,0,100,1,1e-4,FALSE,0.6,0,1500,FALSE,regular,BirthSelection,0.3,-1895274044,1500,0,15,2.1279494832050028,36154,9
1,3,2,199,199,0,100,1,1e-4,FALSE,0.6,0,1500,FALSE,regular,BirthSelection,0.3,-1895274044,1500,0,12,2.195952009623349,36719,10
1,1.1,1.7,199,199,0,100,1,1e-4,FALSE,0.6,0,1500,FALSE,regular,BirthSelection,0.3,2023098424,1500,0,28,2.8802928953198195,32303,1
1,1.2,1.7,199,199,0,100,1,1e-4,FALSE,0.6,0,1500,FALSE,regular,BirthSelection,0.3,2023098424,1500,0,24,2.703542610306141,32506,2
1,1.5,1.7,199,199,0,100,1,1e-4,FALSE,0.6,0,1500,FALSE,regular,BirthSelection,0.3,2023098424,1500,0,22,2.458827374520445,33525,3
1,2,1.7,199,199,0,100,1,1e-4,FALSE,0.6,0,1500,FALSE,regular,BirthSelection,0.3,2023098424,1500,0,18,2.1251162019538983,34694,4
1,3,1.7,199,199,0,100,1,1e-4,FALSE,0.6,0,1500,FALSE,regular,BirthSelection,0.3,2023098424,1500,0,19,2.3202979187003163,35665,5
1,1.1,2,199,199,0,100,1,1e-4,FALSE,0.6,0,1500,FALSE,regular,BirthSelection,0.3,2023098424,1500,0,24,2.4924148330679556,33821,6
1,1.2,2,199,199,0,100,1,1e-4,FALSE,0.6,0,1500,FALSE,regular,BirthSelection,0.3,2023098424,1500,0,28,2.5954951797630392,34064,7
1,1.5,2,199,199,0,100,1,1e-4,FALSE,0.6,0,1500,FALSE,regular,BirthSelection,0.3,2023098424,1500,0,25,2.533485614745466,35148,8
1,2,2,199,199,0,100,1,1e-4,FALSE,0.6,0,1500,FALSE,regular,BirthSelection,0.3,2023098424,1500,0,14,2.0413895353259166,36121,9
1,3,2,199,199,0,100,1,1e-4,FALSE,0.6,0,1500,FALSE,regular,BirthSelection,0.3,2023098424,1500,0,15,2.061028911732429,36958,10
1,1.1,1.7,199,199,0,100,1,1e-4,FALSE,0.6,0,1500,FALSE,regular,BirthSelection,0.3,382487017,1500,0,27,2.320119170472938,32168,1
1,1.2,1.7,199,199,0,100,1,1e-4,FALSE,0.6,0,1500,FALSE,regular,BirthSelection,0.3,382487017,1500,0,28,2.609277295942016,32509,2
1,1.5,1.7,199,199,0,100,1,1e-4,FALSE,0.6,0,1500,FALSE,regular,BirthSelection,0.3,382487017,1500,0,18,2.1909050854697036,33637,3
1,2,1.7,199,199,0,100,1,1e-4,FALSE,0.6,0,1500,FALSE,regular,BirthSelection,0.3,382487017,1500,0,21,2.243620254851933,34703,4
1,3,1.7,199,199,0,100,1,1e-4,FALSE,0.6,0,1500,FALSE,regular,BirthSelection,0.3,382487017,1500,0,19,2.2172087686013064,35710,5
1,1.1,2,199,199,0,100,1,1e-4,FALSE,0.6,0,1500,FALSE,regular,BirthSelection,0.3,382487017,1500,0,28,2.7388633391841712,33903,6
1,1.2,2,199,199,0,100,1,1e-4,FALSE,0.6,0,1500,FALSE,regular,BirthSelection,0.3,382487017,1500,0,24,2.455925283638872,34187,7
1,1.5,2,199,199,0,100,1,1e-4,FALSE,0.6,0,1500,FALSE,regular,BirthSelection,0.3,382487017,1500,0,20,2.3901869531596978,35081,8
1,2,2,199,199,0,100,1,1e-4,FALSE,0.6,0,1500,FALSE,regular,BirthSelection,0.3,382487017,1500,0,17,2.268745683605325,36153,9
1,3,2,199,199,0,100,1,1e-4,FALSE,0.6,0,1500,FALSE,regular,BirthSelection,0.3,382487017,1500,0,15,2.226200341077499,36710,10
1,1.1,1.7,199,199,0,100,1,1e-4,FALSE,0.6,0,1500,FALSE,regular,BirthSelection,0.3,-1585333990,1500,0,25,2.9199575201053993,31903,1
1,1.2,1.7,199,199,0,100,1,1e-4,FALSE,0.6,0,1500,FALSE,regular,BirthSelection,0.3,-1585333990,1500,0,29,2.667832682672172,32455,2
1,1.5,1.7,199,199,0,100,1,1e-4,FALSE,0.6,0,1500,FALSE,regular,BirthSelection,0.3,-1585333990,1500,0,20,2.558107981492977,33545,3
1,2,1.7,199,199,0,100,1,1e-4,FALSE,0.6,0,1500,FALSE,regular,BirthSelection,0.3,-1585333990,1500,0,20,2.305631046864536,34565,4
1,3,1.7,199,199,0,100,1,1e-4,FALSE,0.6,0,1500,FALSE,regular,BirthSelection,0.3,-1585333990,1500,0,15,1.6678759027644712,35819,5
1,1.1,2,199,199,0,100,1,1e-4,FALSE,0.6,0,1500,FALSE,regular,BirthSelection,0.3,-1585333990,1500,0,28,2.730750678905606,33818,6
1,1.2,2,199,199,0,100,1,1e-4,FALSE,0.6,0,1500,FALSE,regular,BirthSelection,0.3,-1585333990,1500,0,29,2.6148490973320873,34151,7
1,1.5,2,199,199,0,100,1,1e-4,FALSE,0.6,0,1500,FALSE,regular,BirthSelection,0.3,-1585333990,1500,0,21,2.606780480729005,35020,8
1,2,2,199,199,0,100,1,1e-4,FALSE,0.6,0,1500,FALSE,regular,BirthSelection,0.3,-1585333990,1500,0,21,2.4941526582948637,36093,9
1,3,2,199,199,0,100,1,1e-4,FALSE,0.6,0,1500,FALSE,regular,BirthSelection,0.3,-1585333990,1500,0,16,2.1913400423347738,36881,10
1,1.1,1.7,199,199,0,100,1,1e-4,FALSE,0.6,0,1500,FALSE,regular,BirthSelection,0.3,820259367,1500,0,29,2.5933698283927615,32239,1
1,1.2,1.7,199,199,0,100,1,1e-4,FALSE,0.6,0,1500,FALSE,regular,BirthSelection,0.3,820259367,1500,0,24,2.727993696957228,32299,2
1,1.5,1.7,199,199,0,100,1,1e-4,FALSE,0.6,0,1500,FALSE,regular,BirthSelection,0.3,820259367,1500,0,28,2.6283599831194655,33540,3
1,2,1.7,199,199,0,100,1,1e-4,FALSE,0.6,0,1500,FALSE,regular,BirthSelection,0.3,820259367,1500,0,16,1.97132148029532,34598,4
1,3,1.7,199,199,0,100,1,1e-4,FALSE,0.6,0,1500,FALSE,regular,BirthSelection,0.3,820259367,1500,0,24,2.448571713112871,35678,5
1,1.1,2,199,199,0,100,1,1e-4,FALSE,0.6,0,1500,FALSE,regular,BirthSelection,0.3,820259367,1500,0,27,2.765280124636407,33955,6
1,1.2,2,199,199,0,100,1,1e-4,FALSE,0.6,0,1500,FALSE,regular,BirthSelection,0.3,820259367,1500,0,21,2.674403293060779,34130,7
1,1.5,2,199,199,0,100,1,1e-4,FALSE,0.6,0,1500,FALSE,regular,BirthSelection,0.3,820259367,1500,0,20,2.568483074549585,35007,8
1,2,2,199,199,0,100,1,1e-4,FALSE,0.6,0,1500,FALSE,regular,BirthSelection,0.3,820259367,1500,0,15,2.2223730466782445,35976,9
1,3,2,199,199,0,100,1,1e-4,FALSE,0.6,0,1500,FALSE,regular,BirthSelection,0.3,820259367,1500,0,19,2.207257302815918,36846,10
1,1.1,1.7,199,199,0,100,1,1e-4,FALSE,0.6,0,1500,FALSE,regular,BirthSelection,0.3,-1374321511,1500,0,25,2.7369497269606247,32144,1
1,1.2,1.7,199,199,0,100,1,1e-4,FALSE,0.6,0,1500,FALSE,regular,BirthSelection,0.3,-1374321511,1500,0,27,2.718402907474091,32461,2
1,1.5,1.7,199,199,0,100,1,1e-4,FALSE,0.6,0,1500,FALSE,regular,BirthSelection,0.3,-1374321511,1500,0,31,2.7118672511380586,33428,3
1,2,1.7,199,199,0,100,1,1e-4,FALSE,0.6,0,1500,FALSE,regular,BirthSelection,0.3,-1374321511,1500,0,20,2.3998244705698566,34721,4
1,3,1.7,199,199,0,100,1,1e-4,FALSE,0.6,0,1500,FALSE,regular,BirthSelection,0.3,-1374321511,1500,0,17,2.2433730274864834,35582,5
1,1.1,2,199,199,0,100,1,1e-4,FALSE,0.6,0,1500,FALSE,regular,BirthSelection,0.3,-1374321511,1500,0,28,2.855782478327027,33875,6
1,1.2,2,199,199,0,100,1,1e-4,FALSE,0.6,0,1500,FALSE,regular,BirthSelection,0.3,-1374321511,1500,0,26,2.672185161037907,34194,7
1,1.5,2,199,199,0,100,1,1e-4,FALSE,0.6,0,1500,FALSE,regular,BirthSelection,0.3,-1374321511,1500,0,17,2.313416025181904,35255,8
1,2,2,199,199,0,100,1,1e-4,FALSE,0.6,0,1500,FALSE,regular,BirthSelection,0.3,-1374321511,1500,0,15,2.1726783451003633,36021,9
1,3,2,199,199,0,100,1,1e-4,FALSE,0.6,0,1500,FALSE,regular,BirthSelection,0.3,-1374321511,1500,0,10,2.13058103128954,36745,10
1,1.1,1.7,199,199,0,100,1,1e-4,FALSE,0.6,0,1500,FALSE,regular,BirthSelection,0.3,-1403082454,1500,0,28,2.7460347633795816,32322,1
1,1.2,1.7,199,199,0,100,1,1e-4,FALSE,0.6,0,1500,FALSE,regular,BirthSelection,0.3,-1403082454,1500,0,23,2.6416416294204916,32461,2
1,1.5,1.7,199,199,0,100,1,1e-4,FALSE,0.6,0,1500,FALSE,regular,BirthSelection,0.3,-1403082454,1500,0,22,2.5995745630554,33549,3
1,2,1.7,199,199,0,100,1,1e-4,FALSE,0.6,0,1500,FALSE,regular,BirthSelection,0.3,-1403082454,1500,0,15,2.179394293445251,34787,4
1,3,1.7,199,199,0,100,1,1e-4,FALSE,0.6,0,1500,FALSE,regular,BirthSelection,0.3,-1403082454,1500,0,16,2.272533248440575,35423,5
1,1.1,2,199,199,0,100,1,1e-4,FALSE,0.6,0,1500,FALSE,regular,BirthSelection,0.3,-1403082454,1500,0,26,2.8961353540735044,34002,6
1,1.2,2,199,199,0,100,1,1e-4,FALSE,0.6,0,1500,FALSE,regular,BirthSelection,0.3,-1403082454,1500,0,30,2.824299924268559,34165,7
1,1.5,2,199,199,0,100,1,1e-4,FALSE,0.6,0,1500,FALSE,regular,BirthSelection,0.3,-1403082454,1500,0,26,2.556645285527941,35034,8
1,2,2,199,199,0,100,1,1e-4,FALSE,0.6,0,1500,FALSE,regular,BirthSelection,0.3,-1403082454,1500,0,18,2.4595216494458594,36182,9
1,3,2,199,199,0,100,1,1e-4,FALSE,0.6,0,1500,FALSE,regular,BirthSelection,0.3,-1403082454,1500,0,19,2.210587702725363,36761,10
1,1.1,1.7,199,199,0,100,1,1e-4,FALSE,0.6,0,1500,FALSE,regular,BirthSelection,0.3,1134714380,1500,0,28,2.653047786584379,32188,1
1,1.2,1.7,199,199,0,100,1,1e-4,FALSE,0.6,0,1500,FALSE,regular,BirthSelection,0.3,1134714380,1500,0,28,2.850444479169966,32219,2
1,1.5,1.7,199,199,0,100,1,1e-4,FALSE,0.6,0,1500,FALSE,regular,BirthSelection,0.3,1134714380,1500,0,23,2.5123898192642264,33410,3
1,2,1.7,199,199,0,100,1,1e-4,FALSE,0.6,0,1500,FALSE,regular,BirthSelection,0.3,1134714380,1500,0,19,2.4485389051113065,34728,4
1,3,1.7,199,199,0,100,1,1e-4,FALSE,0.6,0,1500,FALSE,regular,BirthSelection,0.3,1134714380,1500,0,16,2.0927773466118498,35687,5
1,1.1,2,199,199,0,100,1,1e-4,FALSE,0.6,0,1500,FALSE,regular,BirthSelection,0.3,1134714380,1500,0,22,2.508695757933049,33870,6
1,1.2,2,199,199,0,100,1,1e-4,FALSE,0.6,0,1500,FALSE,regular,BirthSelection,0.3,1134714380,1500,0,23,2.6853974549864694,34021,7
1,1.5,2,199,199,0,100,1,1e-4,FALSE,0.6,0,1500,FALSE,regular,BirthSelection,0.3,1134714380,1500,0,25,2.5013152049889604,35121,8
1,2,2,199,199,0,100,1,1e-4,FALSE,0.6,0,1500,FALSE,regular,BirthSelection,0.3,1134714380,1500,0,18,2.4777927077670983,36202,9
1,3,2,199,199,0,100,1,1e-4,FALSE,0.6,0,1500,FALSE,regular,BirthSelection,0.3,1134714380,1500,0,16,2.173322860990647,36877,10
1,1.1,1.7,199,199,0,100,1,1e-4,FALSE,0.6,0,1500,FALSE,regular,BirthSelection,0.3,-731261696,1500,0,28,2.661499330868272,32164,1
1,1.2,1.7,199,199,0,100,1,1e-4,FALSE,0.6,0,1500,FALSE,regular,BirthSelection,0.3,-731261696,1500,0,29,2.844360053371719,32360,2
1,1.5,1.7,199,199,0,100,1,1e-4,FALSE,0.6,0,1500,FALSE,regular,BirthSelection,0.3,-731261696,1500,0,19,2.311659120303899,33604,3
1,2,1.7,199,199,0,100,1,1e-4,FALSE,0.6,0,1500,FALSE,regular,BirthSelection,0.3,-731261696,1500,0,16,2.3758342940508075,34582,4
1,3,1.7,199,199,0,100,1,1e-4,FALSE,0.6,0,1500,FALSE,regular,BirthSelection,0.3,-731261696,1500,0,15,2.044647717633699,35553,5
1,1.1,2,199,199,0,100,1,1e-4,FALSE,0.6,0,1500,FALSE,regular,BirthSelection,0.3,-731261696,1500,0,25,2.7497916613663516,33940,6
1,1.2,2,199,199,0,100,1,1e-4,FALSE,0.6,0,1500,FALSE,regular,BirthSelection,0.3,-731261696,1500,0,25,2.5157336412226923,34260,7
1,1.5,2,199,199,0,100,1,1e-4,FALSE,0.6,0,1500,FALSE,regular,BirthSelection,0.3,-731261696,1500,0,20,2.5563610797124903,35088,8
1,2,2,199,199,0,100,1,1e-4,FALSE,0.6,0,1500,FALSE,regular,BirthSelection,0.3,-731261696,1500,0,16,2.1944374578285015,36060,9
1,3,2,199,199,0,100,1,1e-4,FALSE,0.6,0,1500,FALSE,regular,BirthSelection,0.3,-731261696,1500,0,15,2.036763143280708,37027,10
1,1.1,1.7,199,199,0,100,1,1e-4,FALSE,0.6,0,1500,FALSE,regular,BirthSelection,0.3,-1688473329,1500,0,29,2.695454020350552,31871,1
1,1.2,1.7,199,199,0,100,1,1e-4,FALSE,0.6,0,1500,FALSE,regular,BirthSelection,0.3,-1688473329,1500,0,23,2.705306281598987,32241,2
1,1.5,1.7,199,199,0,100,1,1e-4,FALSE,0.6,0,1500,FALSE,regular,BirthSelection,0.3,-1688473329,1500,0,25,2.465115817661815,33564,3
1,2,1.7,199,199,0,100,1,1e-4,FALSE,0.6,0,1500,FALSE,regular,BirthSelection,0.3,-1688473329,1500,0,22,2.256822484120168,34604,4
1,3,1.7,199,199,0,100,1,1e-4,FALSE,0.6,0,1500,FALSE,regular,BirthSelection,0.3,-1688473329,1500,0,14,2.0499165182659302,35638,5
1,1.1,2,199,199,0,100,1,1e-4,FALSE,0.6,0,1500,FALSE,regular,BirthSelection,0.3,-1688473329,1500,0,27,2.677293031142704,34033,6
1,1.2,2,199,199,0,100,1,1e-4,FALSE,0.6,0,1500,FALSE,regular,BirthSelection,0.3,-1688473329,1500,0,28,2.806029706265101,34254,7
1,1.5,2,199,199,0,100,1,1e-4,FALSE,0.6,0,1500,FALSE,regular,BirthSelection,0.3,-1688473329,1500,0,24,2.633777858031116,35092,8
1,2,2,199,199,0,100,1,1e-4,FALSE,0.6,0,1500,FALSE,regular,BirthSelection,0.3,-1688473329,1500,0,17,2.030558322044246,35900,9
1,3,2,199,199,0,100,1,1e-4,FALSE,0.6,0,1500,FALSE,regular,BirthSelection,0.3,-1688473329,1500,0,17,2.2897370970017277,36779,10
1,1.1,1.7,199,199,0,100,1,1e-4,FALSE,0.6,0,1500,FALSE,regular,BirthSelection,0.3,245273466,1500,0,26,2.7192122180019416,32167,1
1,1.2,1.7,199,199,0,100,1,1e-4,FALSE,0.6,0,1500,FALSE,regular,BirthSelection,0.3,245273466,1500,0,30,2.7729943159693384,32247,2
1,1.5,1.7,199,199,0,100,1,1e-4,FALSE,0.6,0,1500,FALSE,regular,BirthSelection,0.3,245273466,1500,0,23,2.4578622964832193,33602,3
1,2,1.7,199,199,0,100,1,1e-4,FALSE,0.6,0,1500,FALSE,regular,BirthSelection,0.3,245273466,1500,0,23,2.3059328359355695,34769,4
1,3,1.7,199,199,0,100,1,1e-4,FALSE,0.6,0,1500,FALSE,regular,BirthSelection,0.3,245273466,1500,0,18,2.1910783477497597,35770,5
1,1.1,2,199,199,0,100,1,1e-4,FALSE,0.6,0,1500,FALSE,regular,BirthSelection,0.3,245273466,1500,0,19,2.697249358203315,33843,6
1,1.2,2,199,199,0,100,1,1e-4,FALSE,0.6,0,1500,FALSE,regular,BirthSelection,0.3,245273466,1500,0,24,2.69374058942984,34016,7
1,1.5,2,199,199,0,100,1,1e-4,FALSE,0.6,0,1500,FALSE,regular,BirthSelection,0.3,245273466,1500,0,18,2.4494080733281325,35120,8
1,2,2,199,199,0,100,1,1e-4,FALSE,0.6,0,1500,FALSE,regular,BirthSelection,0.3,245273466,1500,0,15,2.2348563478538632,36121,9
1,3,2,199,199,0,100,1,1e-4,FALSE,0.6,0,1500,FALSE,regular,BirthSelection,0.3,245273466,1500,0,15,2.05721248491184,36947,10
1,1.1,1.7,199,199,0,100,1,1e-4,FALSE,0.6,0,1500,FALSE,regular,BirthSelection,0.3,1610076151,1500,0,28,2.6812789343368224,32098,1
1,1.2,1.7,199,199,0,100,1,1e-4,FALSE,0.6,0,1500,FALSE,regular,BirthSelection,0.3,1610076151,1500,0,28,2.649586198725499,32498,2
1,1.5,1.7,199,199,0,100,1,1e-4,FALSE,0.6,0,1500,FALSE,regular,BirthSelection,0.3,1610076151,1500,0,21,2.451232065316709,33763,3
1,2,1.7,199,199,0,100,1,1e-4,FALSE,0.6,0,1500,FALSE,regular,BirthSelection,0.3,1610076151,1500,0,23,2.643841366824653,34709,4
1,3,1.7,199,199,0,100,1,1e-4,FALSE,0.6,0,1500,FALSE,regular,BirthSelection,0.3,1610076151,1500,0,14,2.206301041097999,35624,5
1,1.1,2,199,199,0,100,1,1e-4,FALSE,0.6,0,1500,FALSE,regular,BirthSelection,0.3,1610076151,1500,0,24,2.760408151168312,34003,6
1,1.2,2,199,199,0,100,1,1e-4,FALSE,0.6,0,1500,FALSE,regular,BirthSelection,0.3,1610076151,1500,0,25,2.6851783391002115,34218,7
1,1.5,2,199,199,0,100,1,1e-4,FALSE,0.6,0,1500,FALSE,regular,BirthSelection,0.3,1610076151,1500,0,22,2.5726225522412505,35243,8
1,2,2,199,199,0,100,1,1e-4,FALSE,0.6,0,1500,FALSE,regular,BirthSelection,0.3,1610076151,1500,0,14,2.057173670379243,36103,9
1,3,2,199,199,0,100,1,1e-4,FALSE,0.6,0,1500,FALSE,regular,BirthSelection,0.3,1610076151,1500,0,15,2.360791726418731,36853,10
1,1.1,1.7,199,199,0,100,1,1e-4,FALSE,0.6,0,1500,FALSE,regular,BirthSelection,0.3,-1267064921,1500,0,27,2.643010937091769,32138,1
1,1.2,1.7,199,199,0,100,1,1e-4,FALSE,0.6,0,1500,FALSE,regular,BirthSelection,0.3,-1267064921,1500,0,23,2.492386966981528,32336,2
1,1.5,1.7,199,199,0,100,1,1e-4,FALSE,0.6,0,1500,FALSE,regular,BirthSelection,0.3,-1267064921,1500,0,21,2.4504790513712806,33641,3
1,2,1.7,199,199,0,100,1,1e-4,FALSE,0.6,0,1500,FALSE,regular,BirthSelection,0.3,-1267064921,1500,0,17,2.30579568465505,34683,4
1,3,1.7,199,199,0,100,1,1e-4,FALSE,0.6,0,1500,FALSE,regular,BirthSelection,0.3,-1267064921,1500,0,21,2.0024561069132756,35709,5
1,1.1,2,199,199,0,100,1,1e-4,FALSE,0.6,0,1500,FALSE,regular,BirthSelection,0.3,-1267064921,1500,0,23,2.7251050436903377,33860,6
1,1.2,2,199,199,0,100,1,1e-4,FALSE,0.6,0,1500,FALSE,regular,BirthSelection,0.3,-1267064921,1500,0,32,2.89410935792105,34087,7
1,1.5,2,199,199,0,100,1,1e-4,FALSE,0.6,0,1500,FALSE,regular,BirthSelection,0.3,-1267064921,1500,0,22,2.4927005348231206,35151,8
1,2,2,199,199,0,100,1,1e-4,FALSE,0.6,0,1500,FALSE,regular,BirthSelection,0.3,-1267064921,1500,0,18,2.217227822075892,36051,9
1,3,2,199,199,0,100,1,1e-4,FALSE,0.6,0,1500,FALSE,regular,BirthSelection,0.3,-1267064921,1500,0,14,1.9174700232810973,36908,10
1,1.1,1.7,199,199,0,100,1,1e-4,FALSE,0.6,0,1500,FALSE,regular,BirthSelection,0.3,1288975276,1500,0,25,2.7900435160192036,31970,1
1,1.2,1.7,199,199,0,100,1,1e-4,FALSE,0.6,0,1500,FALSE,regular,BirthSelection,0.3,1288975276,1500,0,24,2.6482457539638906,32214,2
1,1.5,1.7,199,199,0,100,1,1e-4,FALSE,0.6,0,1500,FALSE,regular,BirthSelection,0.3,1288975276,1500,0,18,2.4034540763061565,33555,3
1,2,1.7,199,199,0,100,1,1e-4,FALSE,0.6,0,1500,FALSE,regular,BirthSelection,0.3,1288975276,1500,0,19,2.490023066795643,34660,4
1,3,1.7,199,199,0,100,1,1e-4,FALSE,0.6,0,1500,FALSE,regular,BirthSelection,0.3,1288975276,1500,0,11,1.733735133402778,35686,5
1,1.1,2,199,199,0,100,1,1e-4,FALSE,0.6,0,1500,FALSE,regular,BirthSelection,0.3,1288975276,1500,0,27,2.8180412138278794,34008,6
1,1.2,2,199,199,0,100,1,1e-4,FALSE,0.6,0,1500,FALSE,regular,BirthSelection,0.3,1288975276,1500,0,19,2.4333488026373145,34072,7
1,1.5,2,199,199,0,100,1,1e-4,FALSE,0.6,0,1500,FALSE,regular,BirthSelection,0.3,1288975276,1500,0,20,2.72555252549239,35027,8
1,2,2,199,199,0,100,1,1e-4,FALSE,0.6,0,1500,FALSE,regular,BirthSelection,0.3,1288975276,1500,0,16,2.3726227926746843,36049,9
1,3,2,199,199,0,100,1,1e-4,FALSE,0.6,0,1500,FALSE,regular,BirthSelection,0.3,1288975276,1500,0,14,2.2294737344235154,36907,10
1,1.1,1.7,199,199,0,100,1,1e-4,FALSE,0.6,0,1500,FALSE,regular,BirthSelection,0.3,1604417987,1500,0,22,2.789995791831397,32081,1
1,1.2,1.7,199,199,0,100,1,1e-4,FALSE,0.6,0,1500,FALSE,regular,BirthSelection,0.3,1604417987,1500,0,24,2.671548011674232,32276,2
1,1.5,1.7,199,199,0,100,1,1e-4,FALSE,0.6,0,1500,FALSE,regular,BirthSelection,0.3,1604417987,1500,0,23,2.3936626920688364,33411,3
1,2,1.7,199,199,0,100,1,1e-4,FALSE,0.6,0,1500,FALSE,regular,BirthSelection,0.3,1604417987,1500,0,18,2.166376803561141,34768,4
1,3,1.7,199,199,0,100,1,1e-4,FALSE,0.6,0,1500,FALSE,regular,BirthSelection,0.3,1604417987,1500,0,15,2.0440610220465323,35514,5
1,1.1,2,199,199,0,100,1,1e-4,FALSE,0.6,0,1500,FALSE,regular,BirthSelection,0.3,1604417987,1500,0,23,2.6836075744484096,33770,6
1,1.2,2,199,199,0,100,1,1e-4,FALSE,0.6,0,1500,FALSE,regular,BirthSelection,0.3,1604417987,1500,0,21,2.6000319979320383,34306,7
1,1.5,2,199,199,0,100,1,1e-4,FALSE,0.6,0,1500,FALSE,regular,BirthSelection,0.3,1604417987,1500,0,22,2.5732818107213182,35130,8
1,2,2,199,199,0,100,1,1e-4,FALSE,0.6,0,1500,FALSE,regular,BirthSelection,0.3,1604417987,1500,0,14,2.1961371495207658,35994,9
1,3,2,199,199,0,100,1,1e-4,FALSE,0.6,0,1500,FALSE,regular,BirthSelection,0.3,1604417987,1500,0,15,1.8168040057696355,36838,10
1,1.1,1.7,199,199,0,100,1,1e-4,FALSE,0.6,0,1500,FALSE,regular,BirthSelection,0.3,-542800927,1500,0,26,2.7086553464273466,32162,1
1,1.2,1.7,199,199,0,100,1,1e-4,FALSE,0.6,0,1500,FALSE,regular,BirthSelection,0.3,-542800927,1500,0,23,2.5018410892370664,32359,2
1,1.5,1.7,199,199,0,100,1,1e-4,FALSE,0.6,0,1500,FALSE,regular,BirthSelection,0.3,-542800927,1500,0,29,2.903052198930052,33643,3
1,2,1.7,199,199,0,100,1,1e-4,FALSE,0.6,0,1500,FALSE,regular,BirthSelection,0.3,-542800927,1500,0,18,2.1127493430486353,34692,4
1,3,1.7,199,199,0,100,1,1e-4,FALSE,0.6,0,1500,FALSE,regular,BirthSelection,0.3,-542800927,1500,0,19,2.047887866315478,35637,5
1,1.1,2,199,199,0,100,1,1e-4,FALSE,0.6,0,1500,FALSE,regular,BirthSelection,0.3,-542800927,1500,0,26,2.830780444729886,33866,6
1,1.2,2,199,199,0,100,1,1e-4,FALSE,0.6,0,1500,FALSE,regular,BirthSelection,0.3,-542800927,1500,0,27,2.6199214988136315,34110,7
1,1.5,2,199,199,0,100,1,1e-4,FALSE,0.6,0,1500,FALSE,regular,BirthSelection,0.3,-542800927,1500,0,16,2.1487446141602584,35142,8
1,2,2,199,199,0,100,1,1e-4,FALSE,0.6,0,1500,FALSE,regular,BirthSelection,0.3,-542800927,1500,0,16,2.2288653819380153,36144,9
1,3,2,199,199,0,100,1,1e-4,FALSE,0.6,0,1500,FALSE,regular,BirthSelection,0.3,-542800927,1500,0,15,2.0569384102127537,36736,10
1,1.1,1.7,199,199,0,100,1,1e-4,FALSE,0.6,0,1500,FALSE,regular,BirthSelection,0.3,-1575808618,1500,0,33,2.924795680408627,32255,1
1,1.2,1.7,199,199,0,100,1,1e-4,FALSE,0.6,0,1500,FALSE,regular,BirthSelection,0.3,-1575808618,1500,0,28,2.8399678659026004,32411,2
1,1.5,1.7,199,199,0,100,1,1e-4,FALSE,0.6,0,1500,FALSE,regular,BirthSelection,0.3,-1575808618,1500,0,24,2.5900261127442064,33363,3
1,2,1.7,199,199,0,100,1,1e-4,FALSE,0.6,0,1500,FALSE,regular,BirthSelection,0.3,-1575808618,1500,0,20,2.3210054487434877,34782,4
1,3,1.7,199,199,0,100,1,1e-4,FALSE,0.6,0,1500,FALSE,regular,BirthSelection,0.3,-1575808618,1500,0,24,2.686281275186628,35642,5
1,1.1,2,199,199,0,100,1,1e-4,FALSE,0.6,0,1500,FALSE,regular,BirthSelection,0.3,-1575808618,1500,0,28,2.8361804752268727,33886,6
1,1.2,2,199,199,0,100,1,1e-4,FALSE,0.6,0,1500,FALSE,regular,BirthSelection,0.3,-1575808618,1500,0,24,2.736540164453237,34095,7
1,1.5,2,199,199,0,100,1,1e-4,FALSE,0.6,0,1500,FALSE,regular,BirthSelection,0.3,-1575808618,1500,0,23,2.4707329817621164,35331,8
1,2,2,199,199,0,100,1,1e-4,FALSE,0.6,0,1500,FALSE,regular,BirthSelection,0.3,-1575808618,1500,0,26,2.50673195195987,36072,9
1,3,2,199,199,0,100,1,1e-4,FALSE,0.6,0,1500,FALSE,regular,BirthSelection,0.3,-1575808618,1500,0,13,2.030817078191703,36781,10
1,1.1,1.7,199,199,0,100,1,1e-4,FALSE,0.6,0,1500,FALSE,regular,BirthSelection,0.3,-2014076969,1500,0,25,2.758592029110688,32404,1
1,1.2,1.7,199,199,0,100,1,1e-4,FALSE,0.6,0,1500,FALSE,regular,BirthSelection,0.3,-2014076969,1500,0,25,2.5327545442287,32375,2
1,1.5,1.7,199,199,0,100,1,1e-4,FALSE,0.6,0,1500,FALSE,regular,BirthSelection,0.3,-2014076969,1500,0,22,2.207143942846898,33634,3
1,2,1.7,199,199,0,100,1,1e-4,FALSE,0.6,0,1500,FALSE,regular,BirthSelection,0.3,-2014076969,1500,0,15,2.143737288596693,34877,4
1,3,1.7,199,199,0,100,1,1e-4,FALSE,0.6,0,1500,FALSE,regular,BirthSelection,0.3,-2014076969,1500,0,16,2.3090169391229405,35758,5
1,1.1,2,199,199,0,100,1,1e-4,FALSE,0.6,0,1500,FALSE,regular,BirthSelection,0.3,-2014076969,1500,0,32,2.847649996946661,33829,6
1,1.2,2,199,199,0,100,1,1e-4,FALSE,0.6,0,1500,FALSE,regular,BirthSelection,0.3,-2014076969,1500,0,27,2.8619005569625164,34022,7
1,1.5,2,199,199,0,100,1,1e-4,FALSE,0.6,0,1500,FALSE,regular,BirthSelection,0.3,-2014076969,1500,0,25,2.624645460115886,35160,8
1,2,2,199,199,0,100,1,1e-4,FALSE,0.6,0,1500,FALSE,regular,BirthSelection,0.3,-2014076969,1500,0,17,2.328670157821107,36188,9
1,3,2,199,199,0,100,1,1e-4,FALSE,0.6,0,1500,FALSE,regular,BirthSelection,0.3,-2014076969,1500,0,16,2.213200175090329,36765,10
1,1.1,1.7,199,199,0,100,1,1e-4,FALSE,0.6,0,1500,FALSE,regular,BirthSelection,0.3,-1036482973,1500,0,26,2.677959036483484,32094,1
1,1.2,1.7,199,199,0,100,1,1e-4,FALSE,0.6,0,1500,FALSE,regular,BirthSelection,0.3,-1036482973,1500,0,32,3.02694890431531,32373,2
1,1.5,1.7,199,199,0,100,1,1e-4,FALSE,0.6,0,1500,FALSE,regular,BirthSelection,0.3,-1036482973,1500,0,26,2.602223541732772,33406,3
1,2,1.7,199,199,0,100,1,1e-4,FALSE,0.6,0,1500,FALSE,regular,BirthSelection,0.3,-1036482973,1500,0,17,2.568084715815018,34653,4
1,3,1.7,199,199,0,100,1,1e-4,FALSE,0.6,0,1500,FALSE,regular,BirthSelection,0.3,-1036482973,1500,0,23,2.308350986145771,35562,5
1,1.1,2,199,199,0,100,1,1e-4,FALSE,0.6,0,1500,FALSE,regular,BirthSelection,0.3,-1036482973,1500,0,26,2.825540961893924,33818,6
1,1.2,2,199,199,0,100,1,1e-4,FALSE,0.6,0,1500,FALSE,regular,BirthSelection,0.3,-1036482973,1500,0,21,2.5663878405394875,34166,7
1,1.5,2,199,199,0,100,1,1e-4,FALSE,0.6,0,1500,FALSE,regular,BirthSelection,0.3,-1036482973,1500,0,21,2.502300105759827,35292,8
1,2,2,199,199,0,100,1,1e-4,FALSE,0.6,0,1500,FALSE,regular,BirthSelection,0.3,-1036482973,1500,0,18,2.395726994180232,36192,9
1,3,2,199,199,0,100,1,1e-4,FALSE,0.6,0,1500,FALSE,regular,BirthSelection,0.3,-1036482973,1500,0,13,1.98959346555716,36888,10
1,1.1,1.7,199,199,0,100,1,1e-4,FALSE,0.6,0,1500,FALSE,regular,BirthSelection,0.3,-582156041,1500,0,31,2.894900393491921,31937,1
1,1.2,1.7,199,199,0,100,1,1e-4,FALSE,0.6,0,1500,FALSE,regular,BirthSelection,0.3,-582156041,1500,0,23,2.750194537862586,32231,2
1,1.5,1.7,199,199,0,100,1,1e-4,FALSE,0.6,0,1500,FALSE,regular,BirthSelection,0.3,-582156041,1500,0,24,2.586866810641414,33499,3
1,2,1.7,199,199,0,100,1,1e-4,FALSE,0.6,0,1500,FALSE,regular,BirthSelection,0.3,-582156041,1500,0,19,2.405781572143264,34651,4
1,3,1.7,199,199,0,100,1,1e-4,FALSE,0.6,0,1500,FALSE,regular,BirthSelection,0.3,-582156041,1500,0,16,2.145750776370125,35677,5
1,1.1,2,199,199,0,100,1,1e-4,FALSE,0.6,0,1500,FALSE,regular,BirthSelection,0.3,-582156041,1500,0,25,2.67899021144175,33816,6
1,1.2,2,199,199,0,100,1,1e-4,FALSE,0.6,0,1500,FALSE,regular,BirthSelection,0.3,-582156041,1500,0,28,2.5543578102145506,34134,7
1,1.5,2,199,199,0,100,1,1e-4,FALSE,0.6,0,1500,FALSE,regular,BirthSelection,0.3,-582156041,1500,0,20,2.483482642376965,34810,8
1,2,2,199,199,0,100,1,1e-4,FALSE,0.6,0,1500,FALSE,regular,BirthSelection,0.3,-582156041,1500,0,17,2.41946712942167,35925,9
1,3,2,199,199,0,100,1,1e-4,FALSE,0.6,0,1500,FALSE,regular,BirthSelection,0.3,-582156041,1500,0,18,2.2811600738150646,36840,10
1,1.1,1.7,199,199,0,100,1,1e-4,FALSE,0.6,0,1500,FALSE,regular,BirthSelection,0.3,-1150302005,1500,0,25,2.7620284858321287,31995,1
1,1.2,1.7,199,199,0,100,1,1e-4,FALSE,0.6,0,1500,FALSE,regular,BirthSelection,0.3,-1150302005,1500,0,25,2.6293523285361053,32211,2
1,1.5,1.7,199,199,0,100,1,1e-4,FALSE,0.6,0,1500,FALSE,regular,BirthSelection,0.3,-1150302005,1500,0,20,2.523678814058765,33566,3
1,2,1.7,199,199,0,100,1,1e-4,FALSE,0.6,0,1500,FALSE,regular,BirthSelection,0.3,-1150302005,1500,0,16,2.284264020575355,34728,4
1,3,1.7,199,199,0,100,1,1e-4,FALSE,0.6,0,1500,FALSE,regular,BirthSelection,0.3,-1150302005,1500,0,17,2.202860970708176,35656,5
1,1.1,2,199,199,0,100,1,1e-4,FALSE,0.6,0,1500,FALSE,regular,BirthSelection,0.3,-1150302005,1500,0,28,2.70862458944569,33891,6
1,1.2,2,199,199,0,100,1,1e-4,FALSE,0.6,0,1500,FALSE,regular,BirthSelection,0.3,-1150302005,1500,0,34,2.8803356961740327,34001,7
1,1.5,2,199,199,0,100,1,1e-4,FALSE,0.6,0,1500,FALSE,regular,BirthSelection,0.3,-1150302005,1500,0,31,2.881563167787302,35159,8
1,2,2,199,199,0,100,1,1e-4,FALSE,0.6,0,1500,FALSE,regular,BirthSelection,0.3,-1150302005,1500,0,17,2.138707648576954,36038,9
1,3,2,199,199,0,100,1,1e-4,FALSE,0.6,0,1500,FALSE,regular,BirthSelection,0.3,-1150302005,1500,0,19,2.3315818408368645,36724,10
1,1.1,1.7,199,199,0,100,1,1e-4,FALSE,0.6,0,1500,FALSE,regular,BirthSelection,0.3,1982013642,1500,0,27,2.715657489178164,32093,1
1,1.2,1.7,199,199,0,100,1,1e-4,FALSE,0.6,0,1500,FALSE,regular,BirthSelection,0.3,1982013642,1500,0,29,2.680112379268583,32471,2
1,1.5,1.7,199,199,0,100,1,1e-4,FALSE,0.6,0,1500,FALSE,regular,BirthSelection,0.3,1982013642,1500,0,25,2.6971504155013233,33633,3
1,2,1.7,199,199,0,100,1,1e-4,FALSE,0.6,0,1500,FALSE,regular,BirthSelection,0.3,1982013642,1500,0,24,2.7391541190822,34711,4
1,3,1.7,199,199,0,100,1,1e-4,FALSE,0.6,0,1500,FALSE,regular,BirthSelection,0.3,1982013642,1500,0,18,2.5844902386900896,35498,5
1,1.1,2,199,199,0,100,1,1e-4,FALSE,0.6,0,1500,FALSE,regular,BirthSelection,0.3,1982013642,1500,0,26,2.6036750462109346,33888,6
1,1.2,2,199,199,0,100,1,1e-4,FALSE,0.6,0,1500,FALSE,regular,BirthSelection,0.3,1982013642,1500,0,25,2.624981143901811,34222,7
1,1.5,2,199,199,0,100,1,1e-4,FALSE,0.6,0,1500,FALSE,regular,BirthSelection,0.3,1982013642,1500,0,22,2.5600471206491955,35259,8
1,2,2,199,199,0,100,1,1e-4,FALSE,0.6,0,1500,FALSE,regular,BirthSelection,0.3,1982013642,1500,0,19,2.2063952622621525,36019,9
1,3,2,199,199,0,100,1,1e-4,FALSE,0.6,0,1500,FALSE,regular,BirthSelection,0.3,1982013642,1500,0,16,2.2377362739191096,36832,10
1,1.1,1.7,199,199,0,100,1,1e-4,FALSE,0.6,0,1500,FALSE,regular,BirthSelection,0.3,-813390500,1500,0,27,2.7412139091829117,32134,1
1,1.2,1.7,199,199,0,100,1,1e-4,FALSE,0.6,0,1500,FALSE,regular,BirthSelection,0.3,-813390500,1500,0,26,2.8805556194143596,32279,2
1,1.5,1.7,199,199,0,100,1,1e-4,FALSE,0.6,0,1500,FALSE,regular,BirthSelection,0.3,-813390500,1500,0,26,2.6848628523035316,33529,3
1,2,1.7,199,199,0,100,1,1e-4,FALSE,0.6,0,1500,FALSE,regular,BirthSelection,0.3,-813390500,1500,0,27,2.2753192445224175,34758,4
1,3,1.7,199,199,0,100,1,1e-4,FALSE,0.6,0,1500,FALSE,regular,BirthSelection,0.3,-813390500,1500,0,11,1.9365665282109343,35576,5
1,1.1,2,199,199,0,100,1,1e-4,FALSE,0.6,0,1500,FALSE,regular,BirthSelection,0.3,-813390500,1500,0,21,2.6466121090099572,33983,6
1,1.2,2,199,199,0,100,1,1e-4,FALSE,0.6,0,1500,FALSE,regular,BirthSelection,0.3,-813390500,1500,0,18,2.52853535569694,34022,7
1,1.5,2,199,199,0,100,1,1e-4,FALSE,0.6,0,1500,FALSE,regular,BirthSelection,0.3,-813390500,1500,0,25,2.4201363336368034,35135,8
1,2,2,199,199,0,100,1,1e-4,FALSE,0.6,0,1500,FALSE,regular,BirthSelection,0.3,-813390500,1500,0,17,2.139163255767703,36091,9
1,3,2,199,199,0,100,1,1e-4,FALSE,0.6,0,1500,FALSE,regular,BirthSelection,0.3,-813390500,1500,0,15,1.7941868050958087,36861,10
1,1.1,3,199,199,0,100,1,1e-4,FALSE,0.6,0,1500,FALSE,regular,BirthSelection,0.3,189438127,1500,0,24,2.7362329775801135,36388,11
1,1.2,3,199,199,0,100,1,1e-4,FALSE,0.6,0,1500,FALSE,regular,BirthSelection,0.3,189438127,1500,0,20,2.3978122460961964,36521,12
1,1.5,3,199,199,0,100,1,1e-4,FALSE,0.6,0,1500,FALSE,regular,BirthSelection,0.3,189438127,1500,0,15,2.333083411472957,37131,13
1,2,3,199,199,0,100,1,1e-4,FALSE,0.6,0,1500,FALSE,regular,BirthSelection,0.3,189438127,1500,0,16,2.2245751178064146,37856,14
1,3,3,199,199,0,100,1,1e-4,FALSE,0.6,0,1500,FALSE,regular,BirthSelection,0.3,189438127,1500,0,11,1.9525007493464008,38299,15
1,1.1,4,199,199,0,100,1,1e-4,FALSE,0.6,0,1500,FALSE,regular,BirthSelection,0.3,189438127,1500,0,19,2.5785589481672075,37326,16
1,1.2,4,199,199,0,100,1,1e-4,FALSE,0.6,0,1500,FALSE,regular,BirthSelection,0.3,189438127,1500,0,16,2.389174480355039,37531,17
1,1.5,4,199,199,0,100,1,1e-4,FALSE,0.6,0,1500,FALSE,regular,BirthSelection,0.3,189438127,1500,0,13,2.0890657471804124,37986,18
1,2,4,199,199,0,100,1,1e-4,FALSE,0.6,0,1500,FALSE,regular,BirthSelection,0.3,189438127,1500,0,13,2.178975509022166,38484,19
1,3,4,199,199,0,100,1,1e-4,FALSE,0.6,0,1500,FALSE,regular,BirthSelection,0.3,189438127,1500,0,12,1.9982157166870904,38832,20
1,1.1,3,199,199,0,100,1,1e-4,FALSE,0.6,0,1500,FALSE,regular,BirthSelection,0.3,-299185758,1500,0,28,2.8361048979689154,36558,11
1,1.2,3,199,199,0,100,1,1e-4,FALSE,0.6,0,1500,FALSE,regular,BirthSelection,0.3,-299185758,1500,0,24,2.8360474677863428,36584,12
1,1.5,3,199,199,0,100,1,1e-4,FALSE,0.6,0,1500,FALSE,regular,BirthSelection,0.3,-299185758,1500,0,20,2.494001320302198,37216,13
1,2,3,199,199,0,100,1,1e-4,FALSE,0.6,0,1500,FALSE,regular,BirthSelection,0.3,-299185758,1500,0,15,2.1537825407569673,37851,14
1,3,3,199,199,0,100,1,1e-4,FALSE,0.6,0,1500,FALSE,regular,BirthSelection,0.3,-299185758,1500,0,12,2.083025864278047,38328,15
1,1.1,4,199,199,0,100,1,1e-4,FALSE,0.6,0,1500,FALSE,regular,BirthSelection,0.3,-299185758,1500,0,26,2.688943879754099,37317,16
1,1.2,4,199,199,0,100,1,1e-4,FALSE,0.6,0,1500,FALSE,regular,BirthSelection,0.3,-299185758,1500,0,18,2.3241081182571524,37433,17
1,1.5,4,199,199,0,100,1,1e-4,FALSE,0.6,0,1500,FALSE,regular,BirthSelection,0.3,-299185758,1500,0,17,2.34423634007575,37950,18
1,2,4,199,199,0,100,1,1e-4,FALSE,0.6,0,1500,FALSE,regular,BirthSelection,0.3,-299185758,1500,0,14,2.3063647131001574,38458,19
1,3,4,199,199,0,100,1,1e-4,FALSE,0.6,0,1500,FALSE,regular,BirthSelection,0.3,-299185758,1500,0,10,1.9554200232403751,38857,20
1,1.1,3,199,199,0,100,1,1e-4,FALSE,0.6,0,1500,FALSE,regular,BirthSelection,0.3,1473575151,1500,0,25,2.91178395693497,36386,11
1,1.2,3,199,199,0,100,1,1e-4,FALSE,0.6,0,1500,FALSE,regular,BirthSelection,0.3,1473575151,1500,0,25,2.572414660789948,36611,12
1,1.5,3,199,199,0,100,1,1e-4,FALSE,0.6,0,1500,FALSE,regular,BirthSelection,0.3,1473575151,1500,0,18,2.4777905899619093,37132,13
1,2,3,199,199,0,100,1,1e-4,FALSE,0.6,0,1500,FALSE,regular,BirthSelection,0.3,1473575151,1500,0,13,2.3588393140854196,37869,14
1,3,3,199,199,0,100,1,1e-4,FALSE,0.6,0,1500,FALSE,regular,BirthSelection,0.3,1473575151,1500,0,12,2.0285617300326972,38299,15
1,1.1,4,199,199,0,100,1,1e-4,FALSE,0.6,0,1500,FALSE,regular,BirthSelection,0.3,1473575151,1500,0,19,2.5974661825118046,37365,16
1,1.2,4,199,199,0,100,1,1e-4,FALSE,0.6,0,1500,FALSE,regular,BirthSelection,0.3,1473575151,1500,0,18,2.633192233931414,37521,17
1,1.5,4,199,199,0,100,1,1e-4,FALSE,0.6,0,1500,FALSE,regular,BirthSelection,0.3,1473575151,1500,0,17,2.438455821061802,37957,18
1,2,4,199,199,0,100,1,1e-4,FALSE,0.6,0,1500,FALSE,regular,BirthSelection,0.3,1473575151,1500,0,12,2.3717879553532537,38404,19
1,3,4,199,199,0,100,1,1e-4,FALSE,0.6,0,1500,FALSE,regular,BirthSelection,0.3,1473575151,1500,0,13,2.2534581161036193,38813,20
1,1.1,3,199,199,0,100,1,1e-4,FALSE,0.6,0,1500,FALSE,regular,BirthSelection,0.3,527398585,1500,0,23,2.767216353369655,36460,11
1,1.2,3,199,199,0,100,1,1e-4,FALSE,0.6,0,1500,FALSE,regular,BirthSelection,0.3,527398585,1500,0,25,2.694495910875055,36563,12
1,1.5,3,199,199,0,100,1,1e-4,FALSE,0.6,0,1500,FALSE,regular,BirthSelection,0.3,527398585,1500,0,19,2.4884270705954137,37269,13
1,2,3,199,199,0,100,1,1e-4,FALSE,0.6,0,1500,FALSE,regular,BirthSelection,0.3,527398585,1500,0,13,2.130007511598778,37797,14
1,3,3,199,199,0,100,1,1e-4,FALSE,0.6,0,1500,FALSE,regular,BirthSelection,0.3,527398585,1500,0,14,2.2502581375367106,38360,15
1,1.1,4,199,199,0,100,1,1e-4,FALSE,0.6,0,1500,FALSE,regular,BirthSelection,0.3,527398585,1500,0,21,2.668729123859309,37436,16
1,1.2,4,199,199,0,100,1,1e-4,FALSE,0.6,0,1500,FALSE,regular,BirthSelection,0.3,527398585,1500,0,21,2.631445640835033,37523,17
1,1.5,4,199,199,0,100,1,1e-4,FALSE,0.6,0,1500,FALSE,regular,BirthSelection,0.3,527398585,1500,0,20,2.5130168664822645,38054,18
1,2,4,199,199,0,100,1,1e-4,FALSE,0.6,0,1500,FALSE,regular,BirthSelection,0.3,527398585,1500,0,10,1.7716927160229938,38416,19
1,3,4,199,199,0,100,1,1e-4,FALSE,0.6,0,1500,FALSE,regular,BirthSelection,0.3,527398585,1500,0,13,1.9182211074004527,38796,20
1,1.1,3,199,199,0,100,1,1e-4,FALSE,0.6,0,1500,FALSE,regular,BirthSelection,0.3,748638779,1500,0,17,2.492589605351298,36445,11
1,1.2,3,199,199,0,100,1,1e-4,FALSE,0.6,0,1500,FALSE,regular,BirthSelection,0.3,748638779,1500,0,25,2.5603687531414066,36602,12
1,1.5,3,199,199,0,100,1,1e-4,FALSE,0.6,0,1500,FALSE,regular,BirthSelection,0.3,748638779,1500,0,17,2.3423346019996267,37192,13
1,2,3,199,199,0,100,1,1e-4,FALSE,0.6,0,1500,FALSE,regular,BirthSelection,0.3,748638779,1500,0,13,2.035243966174375,37882,14
1,3,3,199,199,0,100,1,1e-4,FALSE,0.6,0,1500,FALSE,regular,BirthSelection,0.3,748638779,1500,0,15,1.9934312177883349,38410,15
1,1.1,4,199,199,0,100,1,1e-4,FALSE,0.6,0,1500,FALSE,regular,BirthSelection,0.3,748638779,1500,0,21,2.5582240765615785,37331,16
1,1.2,4,199,199,0,100,1,1e-4,FALSE,0.6,0,1500,FALSE,regular,BirthSelection,0.3,748638779,1500,0,23,2.530263488216999,37425,17
1,1.5,4,199,199,0,100,1,1e-4,FALSE,0.6,0,1500,FALSE,regular,BirthSelection,0.3,748638779,1500,0,13,2.1575696677510976,37937,18
1,2,4,199,199,0,100,1,1e-4,FALSE,0.6,0,1500,FALSE,regular,BirthSelection,0.3,748638779,1500,0,10,1.843602362089885,38460,19
1,3,4,199,199,0,100,1,1e-4,FALSE,0.6,0,1500,FALSE,regular,BirthSelection,0.3,748638779,1500,0,13,1.841208547047303,38800,20
1,1.1,3,199,199,0,100,1,1e-4,FALSE,0.6,0,1500,FALSE,regular,BirthSelection,0.3,-1182547224,1500,0,20,2.659904552419977,36346,11
1,1.2,3,199,199,0,100,1,1e-4,FALSE,0.6,0,1500,FALSE,regular,BirthSelection,0.3,-1182547224,1500,0,27,2.7273788383209916,36542,12
1,1.5,3,199,199,0,100,1,1e-4,FALSE,0.6,0,1500,FALSE,regular,BirthSelection,0.3,-1182547224,1500,0,16,2.1719746489971135,37209,13
1,2,3,199,199,0,100,1,1e-4,FALSE,0.6,0,1500,FALSE,regular,BirthSelection,0.3,-1182547224,1500,0,14,2.3646408644216232,37813,14
1,3,3,199,199,0,100,1,1e-4,FALSE,0.6,0,1500,FALSE,regular,BirthSelection,0.3,-1182547224,1500,0,11,1.9653309331711264,38332,15
1,1.1,4,199,199,0,100,1,1e-4,FALSE,0.6,0,1500,FALSE,regular,BirthSelection,0.3,-1182547224,1500,0,19,2.5826014744744756,37471,16
1,1.2,4,199,199,0,100,1,1e-4,FALSE,0.6,0,1500,FALSE,regular,BirthSelection,0.3,-1182547224,1500,0,19,2.5124120612117093,37465,17
1,1.5,4,199,199,0,100,1,1e-4,FALSE,0.6,0,1500,FALSE,regular,BirthSelection,0.3,-1182547224,1500,0,13,2.1601694963911053,38052,18
1,2,4,199,199,0,100,1,1e-4,FALSE,0.6,0,1500,FALSE,regular,BirthSelection,0.3,-1182547224,1500,0,14,2.294484568446299,38465,19
1,3,4,199,199,0,100,1,1e-4,FALSE,0.6,0,1500,FALSE,regular,BirthSelection,0.3,-1182547224,1500,0,13,2.044883909164235,38855,20
1,1.1,3,199,199,0,100,1,1e-4,FALSE,0.6,0,1500,FALSE,regular,BirthSelection,0.3,-950468272,1500,0,28,2.8778451386925785,36369,11
1,1.2,3,199,199,0,100,1,1e-4,FALSE,0.6,0,1500,FALSE,regular,BirthSelection,0.3,-950468272,1500,0,23,2.5108845009022724,36554,12
1,1.5,3,199,199,0,100,1,1e-4,FALSE,0.6,0,1500,FALSE,regular,BirthSelection,0.3,-950468272,1500,0,18,2.095846617616244,37264,13
1,2,3,199,199,0,100,1,1e-4,FALSE,0.6,0,1500,FALSE,regular,BirthSelection,0.3,-950468272,1500,0,17,2.310411807047978,37873,14
1,3,3,199,199,0,100,1,1e-4,FALSE,0.6,0,1500,FALSE,regular,BirthSelection,0.3,-950468272,1500,0,11,1.6132546570537365,38347,15
1,1.1,4,199,199,0,100,1,1e-4,FALSE,0.6,0,1500,FALSE,regular,BirthSelection,0.3,-950468272,1500,0,18,2.4796614411714324,37341,16
1,1.2,4,199,199,0,100,1,1e-4,FALSE,0.6,0,1500,FALSE,regular,BirthSelection,0.3,-950468272,1500,0,19,2.4807843528624467,37465,17
1,1.5,4,199,199,0,100,1,1e-4,FALSE,0.6,0,1500,FALSE,regular,BirthSelection,0.3,-950468272,1500,0,21,2.4465599844517127,37984,18
1,2,4,199,199,0,100,1,1e-4,FALSE,0.6,0,1500,FALSE,regular,BirthSelection,0.3,-950468272,1500,0,17,2.2482046242974874,38490,19
1,3,4,199,199,0,100,1,1e-4,FALSE,0.6,0,1500,FALSE,regular,BirthSelection,0.3,-950468272,1500,0,8,1.804282050540822,38798,20
1,1.1,3,199,199,0,100,1,1e-4,FALSE,0.6,0,1500,FALSE,regular,BirthSelection,0.3,-1895274044,1500,0,23,2.473445094636136,36368,11
1,1.2,3,199,199,0,100,1,1e-4,FALSE,0.6,0,1500,FALSE,regular,BirthSelection,0.3,-1895274044,1500,0,23,2.4369981681673,36424,12
1,1.5,3,199,199,0,100,1,1e-4,FALSE,0.6,0,1500,FALSE,regular,BirthSelection,0.3,-1895274044,1500,0,16,2.2256949974617575,37229,13
1,2,3,199,199,0,100,1,1e-4,FALSE,0.6,0,1500,FALSE,regular,BirthSelection,0.3,-1895274044,1500,0,16,2.2887008992186377,37865,14
1,3,3,199,199,0,100,1,1e-4,FALSE,0.6,0,1500,FALSE,regular,BirthSelection,0.3,-1895274044,1500,0,10,1.643914652321187,38341,15
1,1.1,4,199,199,0,100,1,1e-4,FALSE,0.6,0,1500,FALSE,regular,BirthSelection,0.3,-1895274044,1500,0,18,2.567609154922033,37396,16
1,1.2,4,199,199,0,100,1,1e-4,FALSE,0.6,0,1500,FALSE,regular,BirthSelection,0.3,-1895274044,1500,0,16,2.402684271293785,37581,17
1,1.5,4,199,199,0,100,1,1e-4,FALSE,0.6,0,1500,FALSE,regular,BirthSelection,0.3,-1895274044,1500,0,17,2.4147868437755973,37966,18
1,2,4,199,199,0,100,1,1e-4,FALSE,0.6,0,1500,FALSE,regular,BirthSelection,0.3,-1895274044,1500,0,10,2.003640513124396,38473,19
1,3,4,199,199,0,100,1,1e-4,FALSE,0.6,0,1500,FALSE,regular,BirthSelection,0.3,-1895274044,1500,0,16,2.1960758458152023,38807,20
1,1.1,3,199,199,0,100,1,1e-4,FALSE,0.6,0,1500,FALSE,regular,BirthSelection,0.3,2023098424,1500,0,22,2.5836025938243803,36567,11
1,1.2,3,199,199,0,100,1,1e-4,FALSE,0.6,0,1500,FALSE,regular,BirthSelection,0.3,2023098424,1500,0,24,2.736157028894678,36570,12
1,1.5,3,199,199,0,100,1,1e-4,FALSE,0.6,0,1500,FALSE,regular,BirthSelection,0.3,2023098424,1500,0,16,2.266727540462834,37184,13
1,2,3,199,199,0,100,1,1e-4,FALSE,0.6,0,1500,FALSE,regular,BirthSelection,0.3,2023098424,1500,0,16,2.3640354034998508,37889,14
1,3,3,199,199,0,100,1,1e-4,FALSE,0.6,0,1500,FALSE,regular,BirthSelection,0.3,2023098424,1500,0,9,1.9001506130666792,38352,15
1,1.1,4,199,199,0,100,1,1e-4,FALSE,0.6,0,1500,FALSE,regular,BirthSelection,0.3,2023098424,1500,0,19,2.636763116999047,37321,16
1,1.2,4,199,199,0,100,1,1e-4,FALSE,0.6,0,1500,FALSE,regular,BirthSelection,0.3,2023098424,1500,0,18,2.279201759666411,37536,17
1,1.5,4,199,199,0,100,1,1e-4,FALSE,0.6,0,1500,FALSE,regular,BirthSelection,0.3,2023098424,1500,0,16,2.1505451032892897,38027,18
1,2,4,199,199,0,100,1,1e-4,FALSE,0.6,0,1500,FALSE,regular,BirthSelection,0.3,2023098424,1500,0,15,2.4493522000079437,38453,19
1,3,4,199,199,0,100,1,1e-4,FALSE,0.6,0,1500,FALSE,regular,BirthSelection,0.3,2023098424,1500,0,6,1.478022989494468,38817,20
1,1.1,3,199,199,0,100,1,1e-4,FALSE,0.6,0,1500,FALSE,regular,BirthSelection,0.3,382487017,1500,0,23,2.718243641676957,36425,11
1,1.2,3,199,199,0,100,1,1e-4,FALSE,0.6,0,1500,FALSE,regular,BirthSelection,0.3,382487017,1500,0,18,2.5371743934906896,36498,12
1,1.5,3,199,199,0,100,1,1e-4,FALSE,0.6,0,1500,FALSE,regular,BirthSelection,0.3,382487017,1500,0,16,2.4244753119530196,37229,13
1,2,3,199,199,0,100,1,1e-4,FALSE,0.6,0,1500,FALSE,regular,BirthSelection,0.3,382487017,1500,0,21,2.5988838331222635,37878,14
1,3,3,199,199,0,100,1,1e-4,FALSE,0.6,0,1500,FALSE,regular,BirthSelection,0.3,382487017,1500,0,14,2.0959659502847043,38331,15
1,1.1,4,199,199,0,100,1,1e-4,FALSE,0.6,0,1500,FALSE,regular,BirthSelection,0.3,382487017,1500,0,20,2.5658922418548493,37321,16
1,1.2,4,199,199,0,100,1,1e-4,FALSE,0.6,0,1500,FALSE,regular,BirthSelection,0.3,382487017,1500,0,18,2.379408794241741,37466,17
1,1.5,4,199,199,0,100,1,1e-4,FALSE,0.6,0,1500,FALSE,regular,BirthSelection,0.3,382487017,1500,0,18,2.2682674062064043,37987,18
1,2,4,199,199,0,100,1,1e-4,FALSE,0.6,0,1500,FALSE,regular,BirthSelection,0.3,382487017,1500,0,15,2.131435932188813,38457,19
1,3,4,199,199,0,100,1,1e-4,FALSE,0.6,0,1500,FALSE,regular,BirthSelection,0.3,382487017,1500,0,10,1.678309140622305,38781,20
1,1.1,3,199,199,0,100,1,1e-4,FALSE,0.6,0,1500,FALSE,regular,BirthSelection,0.3,-1585333990,1500,0,27,2.852390059650875,36403,11
1,1.2,3,199,199,0,100,1,1e-4,FALSE,0.6,0,1500,FALSE,regular,BirthSelection,0.3,-1585333990,1500,0,22,2.4649603358897183,36538,12
1,1.5,3,199,199,0,100,1,1e-4,FALSE,0.6,0,1500,FALSE,regular,BirthSelection,0.3,-1585333990,1500,0,19,2.456084659710903,37246,13
1,2,3,199,199,0,100,1,1e-4,FALSE,0.6,0,1500,FALSE,regular,BirthSelection,0.3,-1585333990,1500,0,14,1.8768035142932948,37871,14
1,3,3,199,199,0,100,1,1e-4,FALSE,0.6,0,1500,FALSE,regular,BirthSelection,0.3,-1585333990,1500,0,14,1.960089746848813,38369,15
1,1.1,4,199,199,0,100,1,1e-4,FALSE,0.6,0,1500,FALSE,regular,BirthSelection,0.3,-1585333990,1500,0,33,2.8855830975215087,37338,16
1,1.2,4,199,199,0,100,1,1e-4,FALSE,0.6,0,1500,FALSE,regular,BirthSelection,0.3,-1585333990,1500,0,19,2.4221699757663373,37444,17
1,1.5,4,199,199,0,100,1,1e-4,FALSE,0.6,0,1500,FALSE,regular,BirthSelection,0.3,-1585333990,1500,0,23,2.5157333299188056,37983,18
1,2,4,199,199,0,100,1,1e-4,FALSE,0.6,0,1500,FALSE,regular,BirthSelection,0.3,-1585333990,1500,0,19,2.343910015129841,38428,19
1,3,4,199,199,0,100,1,1e-4,FALSE,0.6,0,1500,FALSE,regular,BirthSelection,0.3,-1585333990,1500,0,12,1.786045261915169,38850,20
1,1.1,3,199,199,0,100,1,1e-4,FALSE,0.6,0,1500,FALSE,regular,BirthSelection,0.3,820259367,1500,0,19,2.2744524259854018,36404,11
1,1.2,3,199,199,0,100,1,1e-4,FALSE,0.6,0,1500,FALSE,regular,BirthSelection,0.3,820259367,1500,0,18,2.410308542021917,36558,12
1,1.5,3,199,199,0,100,1,1e-4,FALSE,0.6,0,1500,FALSE,regular,BirthSelection,0.3,820259367,1500,0,14,2.0050821930577185,37103,13
1,2,3,199,199,0,100,1,1e-4,FALSE,0.6,0,1500,FALSE,regular,BirthSelection,0.3,820259367,1500,0,15,2.253472364906147,37732,14
1,3,3,199,199,0,100,1,1e-4,FALSE,0.6,0,1500,FALSE,regular,BirthSelection,0.3,820259367,1500,0,13,1.940144034358794,38370,15
1,1.1,4,199,199,0,100,1,1e-4,FALSE,0.6,0,1500,FALSE,regular,BirthSelection,0.3,820259367,1500,0,22,2.5918026076757266,37397,16
1,1.2,4,199,199,0,100,1,1e-4,FALSE,0.6,0,1500,FALSE,regular,BirthSelection,0.3,820259367,1500,0,15,2.2966438860218084,37543,17
1,1.5,4,199,199,0,100,1,1e-4,FALSE,0.6,0,1500,FALSE,regular,BirthSelection,0.3,820259367,1500,0,14,2.3222455552290007,38133,18
1,2,4,199,199,0,100,1,1e-4,FALSE,0.6,0,1500,FALSE,regular,BirthSelection,0.3,820259367,1500,0,10,1.8743806863847867,38383,19
1,3,4,199,199,0,100,1,1e-4,FALSE,0.6,0,1500,FALSE,regular,BirthSelection,0.3,820259367,1500,0,10,1.819836359254697,38819,20
1,1.1,3,199,199,0,100,1,1e-4,FALSE,0.6,0,1500,FALSE,regular,BirthSelection,0.3,-1374321511,1500,0,22,2.5615703106822596,36388,11
1,1.2,3,199,199,0,100,1,1e-4,FALSE,0.6,0,1500,FALSE,regular,BirthSelection,0.3,-1374321511,1500,0,24,2.503791837804637,36709,12
1,1.5,3,199,199,0,100,1,1e-4,FALSE,0.6,0,1500,FALSE,regular,BirthSelection,0.3,-1374321511,1500,0,19,2.6157156507843067,37194,13
1,2,3,199,199,0,100,1,1e-4,FALSE,0.6,0,1500,FALSE,regular,BirthSelection,0.3,-1374321511,1500,0,17,2.292204488431323,37858,14
1,3,3,199,199,0,100,1,1e-4,FALSE,0.6,0,1500,FALSE,regular,BirthSelection,0.3,-1374321511,1500,0,16,2.009260544865238,38343,15
1,1.1,4,199,199,0,100,1,1e-4,FALSE,0.6,0,1500,FALSE,regular,BirthSelection,0.3,-1374321511,1500,0,21,2.6160859821673363,37399,16
1,1.2,4,199,199,0,100,1,1e-4,FALSE,0.6,0,1500,FALSE,regular,BirthSelection,0.3,-1374321511,1500,0,22,2.582081038904919,37489,17
1,1.5,4,199,199,0,100,1,1e-4,FALSE,0.6,0,1500,FALSE,regular,BirthSelection,0.3,-1374321511,1500,0,16,2.376598390355485,38055,18
1,2,4,199,199,0,100,1,1e-4,FALSE,0.6,0,1500,FALSE,regular,BirthSelection,0.3,-1374321511,1500,0,14,2.097139909458806,38447,19
1,3,4,199,199,0,100,1,1e-4,FALSE,0.6,0,1500,FALSE,regular,BirthSelection,0.3,-1374321511,1500,0,11,1.95074684135204,38815,20
1,1.1,3,199,199,0,100,1,1e-4,FALSE,0.6,0,1500,FALSE,regular,BirthSelection,0.3,-1403082454,1500,0,24,2.7577430443029827,36355,11
1,1.2,3,199,199,0,100,1,1e-4,FALSE,0.6,0,1500,FALSE,regular,BirthSelection,0.3,-1403082454,1500,0,19,2.6291699623959404,36648,12
1,1.5,3,199,199,0,100,1,1e-4,FALSE,0.6,0,1500,FALSE,regular,BirthSelection,0.3,-1403082454,1500,0,21,2.519182913959732,37298,13
1,2,3,199,199,0,100,1,1e-4,FALSE,0.6,0,1500,FALSE,regular,BirthSelection,0.3,-1403082454,1500,0,15,2.2057000544353733,37856,14
1,3,3,199,199,0,100,1,1e-4,FALSE,0.6,0,1500,FALSE,regular,BirthSelection,0.3,-1403082454,1500,0,12,1.9802060726426645,38293,15
1,1.1,4,199,199,0,100,1,1e-4,FALSE,0.6,0,1500,FALSE,regular,BirthSelection,0.3,-1403082454,1500,0,24,2.773574817438499,37338,16
1,1.2,4,199,199,0,100,1,1e-4,FALSE,0.6,0,1500,FALSE,regular,BirthSelection,0.3,-1403082454,1500,0,19,2.4849056422861717,37457,17
1,1.5,4,199,199,0,100,1,1e-4,FALSE,0.6,0,1500,FALSE,regular,BirthSelection,0.3,-1403082454,1500,0,16,2.1652391528767723,37992,18
1,2,4,199,199,0,100,1,1e-4,FALSE,0.6,0,1500,FALSE,regular,BirthSelection,0.3,-1403082454,1500,0,16,2.2428595867760412,38529,19
1,3,4,199,199,0,100,1,1e-4,FALSE,0.6,0,1500,FALSE,regular,BirthSelection,0.3,-1403082454,1500,0,11,1.8963353951647248,38837,20
1,1.1,3,199,199,0,100,1,1e-4,FALSE,0.6,0,1500,FALSE,regular,BirthSelection,0.3,1134714380,1500,0,24,2.863825582610376,36420,11
1,1.2,3,199,199,0,100,1,1e-4,FALSE,0.6,0,1500,FALSE,regular,BirthSelection,0.3,1134714380,1500,0,20,2.656059091540623,36583,12
1,1.5,3,199,199,0,100,1,1e-4,FALSE,0.6,0,1500,FALSE,regular,BirthSelection,0.3,1134714380,1500,0,22,2.4868185207601528,37227,13
1,2,3,199,199,0,100,1,1e-4,FALSE,0.6,0,1500,FALSE,regular,BirthSelection,0.3,1134714380,1500,0,17,2.2412682265520822,37846,14
1,3,3,199,199,0,100,1,1e-4,FALSE,0.6,0,1500,FALSE,regular,BirthSelection,0.3,1134714380,1500,0,17,2.2536367238941755,38315,15
1,1.1,4,199,199,0,100,1,1e-4,FALSE,0.6,0,1500,FALSE,regular,BirthSelection,0.3,1134714380,1500,0,21,2.3682018150775455,37324,16
1,1.2,4,199,199,0,100,1,1e-4,FALSE,0.6,0,1500,FALSE,regular,BirthSelection,0.3,1134714380,1500,0,23,2.759972966100692,37539,17
1,1.5,4,199,199,0,100,1,1e-4,FALSE,0.6,0,1500,FALSE,regular,BirthSelection,0.3,1134714380,1500,0,16,2.3801392459338673,37949,18
1,2,4,199,199,0,100,1,1e-4,FALSE,0.6,0,1500,FALSE,regular,BirthSelection,0.3,1134714380,1500,0,15,2.2826169968339687,38459,19
1,3,4,199,199,0,100,1,1e-4,FALSE,0.6,0,1500,FALSE,regular,BirthSelection,0.3,1134714380,1500,0,10,1.8372169168434944,38833,20
1,1.1,3,199,199,0,100,1,1e-4,FALSE,0.6,0,1500,FALSE,regular,BirthSelection,0.3,-731261696,1500,0,25,2.733498429305756,36340,11
1,1.2,3,199,199,0,100,1,1e-4,FALSE,0.6,0,1500,FALSE,regular,BirthSelection,0.3,-731261696,1500,0,24,2.7929575785233145,36568,12
1,1.5,3,199,199,0,100,1,1e-4,FALSE,0.6,0,1500,FALSE,regular,BirthSelection,0.3,-731261696,1500,0,23,2.7187548059694495,37258,13
1,2,3,199,199,0,100,1,1e-4,FALSE,0.6,0,1500,FALSE,regular,BirthSelection,0.3,-731261696,1500,0,12,1.9311681273536232,37841,14
1,3,3,199,199,0,100,1,1e-4,FALSE,0.6,0,1500,FALSE,regular,BirthSelection,0.3,-731261696,1500,0,16,2.0227770409177936,38371,15
1,1.1,4,199,199,0,100,1,1e-4,FALSE,0.6,0,1500,FALSE,regular,BirthSelection,0.3,-731261696,1500,0,21,2.456421983006541,37408,16
1,1.2,4,199,199,0,100,1,1e-4,FALSE,0.6,0,1500,FALSE,regular,BirthSelection,0.3,-731261696,1500,0,23,2.579762771672294,37511,17
1,1.5,4,199,199,0,100,1,1e-4,FALSE,0.6,0,1500,FALSE,regular,BirthSelection,0.3,-731261696,1500,0,20,2.5188987972787196,38014,18
1,2,4,199,199,0,100,1,1e-4,FALSE,0.6,0,1500,FALSE,regular,BirthSelection,0.3,-731261696,1500,0,15,2.1260139738414505,38449,19
1,3,4,199,199,0,100,1,1e-4,FALSE,0.6,0,1500,FALSE,regular,BirthSelection,0.3,-731261696,1500,0,8,1.5937094853619649,38900,20
1,1.1,3,199,199,0,100,1,1e-4,FALSE,0.6,0,1500,FALSE,regular,BirthSelection,0.3,-1688473329,1500,0,22,2.641093862239455,36407,11
1,1.2,3,199,199,0,100,1,1e-4,FALSE,0.6,0,1500,FALSE,regular,BirthSelection,0.3,-1688473329,1500,0,21,2.740888056222315,36533,12
1,1.5,3,199,199,0,100,1,1e-4,FALSE,0.6,0,1500,FALSE,regular,BirthSelection,0.3,-1688473329,1500,0,19,2.3844821308609987,37161,13
1,2,3,199,199,0,100,1,1e-4,FALSE,0.6,0,1500,FALSE,regular,BirthSelection,0.3,-1688473329,1500,0,17,2.2002301377054088,37916,14
1,3,3,199,199,0,100,1,1e-4,FALSE,0.6,0,1500,FALSE,regular,BirthSelection,0.3,-1688473329,1500,0,11,1.8772462194184496,38320,15
1,1.1,4,199,199,0,100,1,1e-4,FALSE,0.6,0,1500,FALSE,regular,BirthSelection,0.3,-1688473329,1500,0,19,2.503273063618142,37322,16
1,1.2,4,199,199,0,100,1,1e-4,FALSE,0.6,0,1500,FALSE,regular,BirthSelection,0.3,-1688473329,1500,0,22,2.6260928428300594,37523,17
1,1.5,4,199,199,0,100,1,1e-4,FALSE,0.6,0,1500,FALSE,regular,BirthSelection,0.3,-1688473329,1500,0,16,2.2952829718783674,37899,18
1,2,4,199,199,0,100,1,1e-4,FALSE,0.6,0,1500,FALSE,regular,BirthSelection,0.3,-1688473329,1500,0,15,2.209582390935083,38439,19
1,3,4,199,199,0,100,1,1e-4,FALSE,0.6,0,1500,FALSE,regular,BirthSelection,0.3,-1688473329,1500,0,11,1.6359464799243757,38767,20
1,1.1,3,199,199,0,100,1,1e-4,FALSE,0.6,0,1500,FALSE,regular,BirthSelection,0.3,245273466,1500,0,20,2.6577493086998487,36354,11
1,1.2,3,199,199,0,100,1,1e-4,FALSE,0.6,0,1500,FALSE,regular,BirthSelection,0.3,245273466,1500,0,25,2.7277345164841913,36570,12
1,1.5,3,199,199,0,100,1,1e-4,FALSE,0.6,0,1500,FALSE,regular,BirthSelection,0.3,245273466,1500,0,19,2.4991686230161103,37294,13
1,2,3,199,199,0,100,1,1e-4,FALSE,0.6,0,1500,FALSE,regular,BirthSelection,0.3,245273466,1500,0,12,1.9073205318638191,37884,14
1,3,3,199,199,0,100,1,1e-4,FALSE,0.6,0,1500,FALSE,regular,BirthSelection,0.3,245273466,1500,0,13,2.0620467406431775,38279,15
1,1.1,4,199,199,0,100,1,1e-4,FALSE,0.6,0,1500,FALSE,regular,BirthSelection,0.3,245273466,1500,0,16,2.493760962249109,37400,16
1,1.2,4,199,199,0,100,1,1e-4,FALSE,0.6,0,1500,FALSE,regular,BirthSelection,0.3,245273466,1500,0,21,2.605684077387548,37482,17
1,1.5,4,199,199,0,100,1,1e-4,FALSE,0.6,0,1500,FALSE,regular,BirthSelection,0.3,245273466,1500,0,21,2.2394601255755373,38072,18
1,2,4,199,199,0,100,1,1e-4,FALSE,0.6,0,1500,FALSE,regular,BirthSelection,0.3,245273466,1500,0,14,2.096546824774888,38400,19
1,3,4,199,199,0,100,1,1e-4,FALSE,0.6,0,1500,FALSE,regular,BirthSelection,0.3,245273466,1500,0,12,1.913634314439564,38804,20
1,1.1,3,199,199,0,100,1,1e-4,FALSE,0.6,0,1500,FALSE,regular,BirthSelection,0.3,1610076151,1500,0,18,2.486354524638878,36475,11
1,1.2,3,199,199,0,100,1,1e-4,FALSE,0.6,0,1500,FALSE,regular,BirthSelection,0.3,1610076151,1500,0,21,2.6729322616100437,36486,12
1,1.5,3,199,199,0,100,1,1e-4,FALSE,0.6,0,1500,FALSE,regular,BirthSelection,0.3,1610076151,1500,0,18,2.515027482293773,37227,13
1,2,3,199,199,0,100,1,1e-4,FALSE,0.6,0,1500,FALSE,regular,BirthSelection,0.3,1610076151,1500,0,16,2.4300172258299773,37806,14
1,3,3,199,199,0,100,1,1e-4,FALSE,0.6,0,1500,FALSE,regular,BirthSelection,0.3,1610076151,1500,0,13,2.053753402403822,38360,15
1,1.1,4,199,199,0,100,1,1e-4,FALSE,0.6,0,1500,FALSE,regular,BirthSelection,0.3,1610076151,1500,0,19,2.4193712427924856,37347,16
1,1.2,4,199,199,0,100,1,1e-4,FALSE,0.6,0,1500,FALSE,regular,BirthSelection,0.3,1610076151,1500,0,15,2.397225260670814,37548,17
1,1.5,4,199,199,0,100,1,1e-4,FALSE,0.6,0,1500,FALSE,regular,BirthSelection,0.3,1610076151,1500,0,18,2.33704272924027,37957,18
1,2,4,199,199,0,100,1,1e-4,FALSE,0.6,0,1500,FALSE,regular,BirthSelection,0.3,1610076151,1500,0,13,1.819207313285222,38560,19
1,3,4,199,199,0,100,1,1e-4,FALSE,0.6,0,1500,FALSE,regular,BirthSelection,0.3,1610076151,1500,0,10,1.857269426802053,38890,20
1,1.1,3,199,199,0,100,1,1e-4,FALSE,0.6,0,1500,FALSE,regular,BirthSelection,0.3,-1267064921,1500,0,21,2.561846902137763,36419,11
1,1.2,3,199,199,0,100,1,1e-4,FALSE,0.6,0,1500,FALSE,regular,BirthSelection,0.3,-1267064921,1500,0,21,2.652032397008991,36577,12
1,1.5,3,199,199,0,100,1,1e-4,FALSE,0.6,0,1500,FALSE,regular,BirthSelection,0.3,-1267064921,1500,0,18,2.599544887081714,37269,13
1,2,3,199,199,0,100,1,1e-4,FALSE,0.6,0,1500,FALSE,regular,BirthSelection,0.3,-1267064921,1500,0,12,2.034167001713211,37908,14
1,3,3,199,199,0,100,1,1e-4,FALSE,0.6,0,1500,FALSE,regular,BirthSelection,0.3,-1267064921,1500,0,11,1.919934171383617,38423,15
1,1.1,4,199,199,0,100,1,1e-4,FALSE,0.6,0,1500,FALSE,regular,BirthSelection,0.3,-1267064921,1500,0,18,2.558653235714034,37386,16
1,1.2,4,199,199,0,100,1,1e-4,FALSE,0.6,0,1500,FALSE,regular,BirthSelection,0.3,-1267064921,1500,0,21,2.5989677689417023,37454,17
1,1.5,4,199,199,0,100,1,1e-4,FALSE,0.6,0,1500,FALSE,regular,BirthSelection,0.3,-1267064921,1500,0,16,2.319660104110799,37993,18
1,2,4,199,199,0,100,1,1e-4,FALSE,0.6,0,1500,FALSE,regular,BirthSelection,0.3,-1267064921,1500,0,10,2.060524472318205,38431,19
1,3,4,199,199,0,100,1,1e-4,FALSE,0.6,0,1500,FALSE,regular,BirthSelection,0.3,-1267064921,1500,0,9,1.6588165954990743,38864,20
1,1.1,3,199,199,0,100,1,1e-4,FALSE,0.6,0,1500,FALSE,regular,BirthSelection,0.3,1288975276,1500,0,34,2.7446105651815573,36343,11
1,1.2,3,199,199,0,100,1,1e-4,FALSE,0.6,0,1500,FALSE,regular,BirthSelection,0.3,1288975276,1500,0,22,2.5835928620609763,36540,12
1,1.5,3,199,199,0,100,1,1e-4,FALSE,0.6,0,1500,FALSE,regular,BirthSelection,0.3,1288975276,1500,0,20,2.4298317246627583,37267,13
1,2,3,199,199,0,100,1,1e-4,FALSE,0.6,0,1500,FALSE,regular,BirthSelection,0.3,1288975276,1500,0,13,2.0650558658305593,37778,14
1,3,3,199,199,0,100,1,1e-4,FALSE,0.6,0,1500,FALSE,regular,BirthSelection,0.3,1288975276,1500,0,15,2.4937068057135794,38387,15
1,1.1,4,199,199,0,100,1,1e-4,FALSE,0.6,0,1500,FALSE,regular,BirthSelection,0.3,1288975276,1500,0,22,2.4935325833819006,37302,16
1,1.2,4,199,199,0,100,1,1e-4,FALSE,0.6,0,1500,FALSE,regular,BirthSelection,0.3,1288975276,1500,0,19,2.434779540416328,37436,17
1,1.5,4,199,199,0,100,1,1e-4,FALSE,0.6,0,1500,FALSE,regular,BirthSelection,0.3,1288975276,1500,0,16,2.4831134280221083,37984,18
1,2,4,199,199,0,100,1,1e-4,FALSE,0.6,0,1500,FALSE,regular,BirthSelection,0.3,1288975276,1500,0,14,2.049440525617002,38484,19
1,3,4,199,199,0,100,1,1e-4,FALSE,0.6,0,1500,FALSE,regular,BirthSelection,0.3,1288975276,1500,0,6,1.583411119271522,38838,20
1,1.1,3,199,199,0,100,1,1e-4,FALSE,0.6,0,1500,FALSE,regular,BirthSelection,0.3,1604417987,1500,0,18,2.4591198240569363,36460,11
1,1.2,3,199,199,0,100,1,1e-4,FALSE,0.6,0,1500,FALSE,regular,BirthSelection,0.3,1604417987,1500,0,21,2.515878905708028,36614,12
1,1.5,3,199,199,0,100,1,1e-4,FALSE,0.6,0,1500,FALSE,regular,BirthSelection,0.3,1604417987,1500,0,15,2.439161141288714,37257,13
1,2,3,199,199,0,100,1,1e-4,FALSE,0.6,0,1500,FALSE,regular,BirthSelection,0.3,1604417987,1500,0,13,2.1200355844477548,37913,14
1,3,3,199,199,0,100,1,1e-4,FALSE,0.6,0,1500,FALSE,regular,BirthSelection,0.3,1604417987,1500,0,11,1.8733468776754645,38319,15
1,1.1,4,199,199,0,100,1,1e-4,FALSE,0.6,0,1500,FALSE,regular,BirthSelection,0.3,1604417987,1500,0,20,2.377679697354894,37378,16
1,1.2,4,199,199,0,100,1,1e-4,FALSE,0.6,0,1500,FALSE,regular,BirthSelection,0.3,1604417987,1500,0,18,2.300159351376142,37595,17
1,1.5,4,199,199,0,100,1,1e-4,FALSE,0.6,0,1500,FALSE,regular,BirthSelection,0.3,1604417987,1500,0,16,2.4032296579316865,38060,18
1,2,4,199,199,0,100,1,1e-4,FALSE,0.6,0,1500,FALSE,regular,BirthSelection,0.3,1604417987,1500,0,9,1.7422343214679723,38399,19
1,3,4,199,199,0,100,1,1e-4,FALSE,0.6,0,1500,FALSE,regular,BirthSelection,0.3,1604417987,1500,0,10,2.0470483103212875,38798,20
1,1.1,3,199,199,0,100,1,1e-4,FALSE,0.6,0,1500,FALSE,regular,BirthSelection,0.3,-542800927,1500,0,21,2.6097101948267767,36386,11
1,1.2,3,199,199,0,100,1,1e-4,FALSE,0.6,0,1500,FALSE,regular,BirthSelection,0.3,-542800927,1500,0,21,2.53686855085497,36645,12
1,1.5,3,199,199,0,100,1,1e-4,FALSE,0.6,0,1500,FALSE,regular,BirthSelection,0.3,-542800927,1500,0,20,2.552166971997516,37188,13
1,2,3,199,199,0,100,1,1e-4,FALSE,0.6,0,1500,FALSE,regular,BirthSelection,0.3,-542800927,1500,0,17,2.3988760164287877,37879,14
1,3,3,199,199,0,100,1,1e-4,FALSE,0.6,0,1500,FALSE,regular,BirthSelection,0.3,-542800927,1500,0,14,2.2685997636002964,38401,15
1,1.1,4,199,199,0,100,1,1e-4,FALSE,0.6,0,1500,FALSE,regular,BirthSelection,0.3,-542800927,1500,0,25,2.747260134676392,37290,16
1,1.2,4,199,199,0,100,1,1e-4,FALSE,0.6,0,1500,FALSE,regular,BirthSelection,0.3,-542800927,1500,0,25,2.6208028504966103,37521,17
1,1.5,4,199,199,0,100,1,1e-4,FALSE,0.6,0,1500,FALSE,regular,BirthSelection,0.3,-542800927,1500,0,18,2.5134545040547493,38046,18
1,2,4,199,199,0,100,1,1e-4,FALSE,0.6,0,1500,FALSE,regular,BirthSelection,0.3,-542800927,1500,0,17,2.086893254427077,38480,19
1,3,4,199,199,0,100,1,1e-4,FALSE,0.6,0,1500,FALSE,regular,BirthSelection,0.3,-542800927,1500,0,8,1.464670760987648,38837,20
1,1.1,3,199,199,0,100,1,1e-4,FALSE,0.6,0,1500,FALSE,regular,BirthSelection,0.3,-1575808618,1500,0,23,2.5054883329979676,36474,11
1,1.2,3,199,199,0,100,1,1e-4,FALSE,0.6,0,1500,FALSE,regular,BirthSelection,0.3,-1575808618,1500,0,21,2.363771911021068,36579,12
1,1.5,3,199,199,0,100,1,1e-4,FALSE,0.6,0,1500,FALSE,regular,BirthSelection,0.3,-1575808618,1500,0,21,2.1886943545734185,37128,13
1,2,3,199,199,0,100,1,1e-4,FALSE,0.6,0,1500,FALSE,regular,BirthSelection,0.3,-1575808618,1500,0,12,2.038117828039242,37802,14
1,3,3,199,199,0,100,1,1e-4,FALSE,0.6,0,1500,FALSE,regular,BirthSelection,0.3,-1575808618,1500,0,12,1.9597356379214284,38211,15
1,1.1,4,199,199,0,100,1,1e-4,FALSE,0.6,0,1500,FALSE,regular,BirthSelection,0.3,-1575808618,1500,0,18,2.442058953801377,37362,16
1,1.2,4,199,199,0,100,1,1e-4,FALSE,0.6,0,1500,FALSE,regular,BirthSelection,0.3,-1575808618,1500,0,20,2.49486056865892,37428,17
1,1.5,4,199,199,0,100,1,1e-4,FALSE,0.6,0,1500,FALSE,regular,BirthSelection,0.3,-1575808618,1500,0,21,2.5423106377462483,37984,18
1,2,4,199,199,0,100,1,1e-4,FALSE,0.6,0,1500,FALSE,regular,BirthSelection,0.3,-1575808618,1500,0,10,2.0012698920624454,38425,19
1,3,4,199,199,0,100,1,1e-4,FALSE,0.6,0,1500,FALSE,regular,BirthSelection,0.3,-1575808618,1500,0,15,2.165729394654992,38848,20
1,1.1,3,199,199,0,100,1,1e-4,FALSE,0.6,0,1500,FALSE,regular,BirthSelection,0.3,-2014076969,1500,0,21,2.629064658768617,36454,11
1,1.2,3,199,199,0,100,1,1e-4,FALSE,0.6,0,1500,FALSE,regular,BirthSelection,0.3,-2014076969,1500,0,17,2.300447893514168,36572,12
1,1.5,3,199,199,0,100,1,1e-4,FALSE,0.6,0,1500,FALSE,regular,BirthSelection,0.3,-2014076969,1500,0,16,2.5498040245251308,37155,13
1,2,3,199,199,0,100,1,1e-4,FALSE,0.6,0,1500,FALSE,regular,BirthSelection,0.3,-2014076969,1500,0,13,2.333701064014384,37832,14
1,3,3,199,199,0,100,1,1e-4,FALSE,0.6,0,1500,FALSE,regular,BirthSelection,0.3,-2014076969,1500,0,11,1.7902535540088649,38364,15
1,1.1,4,199,199,0,100,1,1e-4,FALSE,0.6,0,1500,FALSE,regular,BirthSelection,0.3,-2014076969,1500,0,22,2.5964209747987193,37308,16
1,1.2,4,199,199,0,100,1,1e-4,FALSE,0.6,0,1500,FALSE,regular,BirthSelection,0.3,-2014076969,1500,0,17,2.4963700674896607,37420,17
1,1.5,4,199,199,0,100,1,1e-4,FALSE,0.6,0,1500,FALSE,regular,BirthSelection,0.3,-2014076969,1500,0,13,2.1443023636402927,38081,18
1,2,4,199,199,0,100,1,1e-4,FALSE,0.6,0,1500,FALSE,regular,BirthSelection,0.3,-2014076969,1500,0,13,2.0845123020583656,38444,19
1,3,4,199,199,0,100,1,1e-4,FALSE,0.6,0,1500,FALSE,regular,BirthSelection,0.3,-2014076969,1500,0,12,2.0043375313302385,38867,20
1,1.1,3,199,199,0,100,1,1e-4,FALSE,0.6,0,1500,FALSE,regular,BirthSelection,0.3,-1036482973,1500,0,20,2.606701631565892,36299,11
1,1.2,3,199,199,0,100,1,1e-4,FALSE,0.6,0,1500,FALSE,regular,BirthSelection,0.3,-1036482973,1500,0,21,2.609528953038847,36563,12
1,1.5,3,199,199,0,100,1,1e-4,FALSE,0.6,0,1500,FALSE,regular,BirthSelection,0.3,-1036482973,1500,0,22,2.6100631098373466,37260,13
1,2,3,199,199,0,100,1,1e-4,FALSE,0.6,0,1500,FALSE,regular,BirthSelection,0.3,-1036482973,1500,0,13,1.8872190240597615,37911,14
1,3,3,199,199,0,100,1,1e-4,FALSE,0.6,0,1500,FALSE,regular,BirthSelection,0.3,-1036482973,1500,0,16,2.067600751089553,38314,15
1,1.1,4,199,199,0,100,1,1e-4,FALSE,0.6,0,1500,FALSE,regular,BirthSelection,0.3,-1036482973,1500,0,25,2.926584142996864,37353,16
1,1.2,4,199,199,0,100,1,1e-4,FALSE,0.6,0,1500,FALSE,regular,BirthSelection,0.3,-1036482973,1500,0,22,2.5649858097264677,37444,17
1,1.5,4,199,199,0,100,1,1e-4,FALSE,0.6,0,1500,FALSE,regular,BirthSelection,0.3,-1036482973,1500,0,16,2.3482605618207724,38016,18
1,2,4,199,199,0,100,1,1e-4,FALSE,0.6,0,1500,FALSE,regular,BirthSelection,0.3,-1036482973,1500,0,13,2.128896720796754,38460,19
1,3,4,199,199,0,100,1,1e-4,FALSE,0.6,0,1500,FALSE,regular,BirthSelection,0.3,-1036482973,1500,0,8,1.7156390651243345,38939,20
1,1.1,3,199,199,0,100,1,1e-4,FALSE,0.6,0,1500,FALSE,regular,BirthSelection,0.3,-582156041,1500,0,25,2.9065808665335844,36443,11
1,1.2,3,199,199,0,100,1,1e-4,FALSE,0.6,0,1500,FALSE,regular,BirthSelection,0.3,-582156041,1500,0,18,2.6165987316053037,36560,12
1,1.5,3,199,199,0,100,1,1e-4,FALSE,0.6,0,1500,FALSE,regular,BirthSelection,0.3,-582156041,1500,0,18,2.4785767454654333,37242,13
1,2,3,199,199,0,100,1,1e-4,FALSE,0.6,0,1500,FALSE,regular,BirthSelection,0.3,-582156041,1500,0,20,2.499790952952143,37930,14
1,3,3,199,199,0,100,1,1e-4,FALSE,0.6,0,1500,FALSE,regular,BirthSelection,0.3,-582156041,1500,0,16,2.4473610377379287,38304,15
1,1.1,4,199,199,0,100,1,1e-4,FALSE,0.6,0,1500,FALSE,regular,BirthSelection,0.3,-582156041,1500,0,24,2.8339740443380887,37306,16
1,1.2,4,199,199,0,100,1,1e-4,FALSE,0.6,0,1500,FALSE,regular,BirthSelection,0.3,-582156041,1500,0,20,2.7166825371210126,37516,17
1,1.5,4,199,199,0,100,1,1e-4,FALSE,0.6,0,1500,FALSE,regular,BirthSelection,0.3,-582156041,1500,0,22,2.623421733452439,38018,18
1,2,4,199,199,0,100,1,1e-4,FALSE,0.6,0,1500,FALSE,regular,BirthSelection,0.3,-582156041,1500,0,11,2.0988172318290603,38375,19
1,3,4,199,199,0,100,1,1e-4,FALSE,0.6,0,1500,FALSE,regular,BirthSelection,0.3,-582156041,1500,0,12,2.023541825630822,38797,20
1,1.1,3,199,199,0,100,1,1e-4,FALSE,0.6,0,1500,FALSE,regular,BirthSelection,0.3,-1150302005,1500,0,21,2.6501440897669504,36369,11
1,1.2,3,199,199,0,100,1,1e-4,FALSE,0.6,0,1500,FALSE,regular,BirthSelection,0.3,-1150302005,1500,0,24,2.666123665248661,36556,12
1,1.5,3,199,199,0,100,1,1e-4,FALSE,0.6,0,1500,FALSE,regular,BirthSelection,0.3,-1150302005,1500,0,20,2.7896660960126325,37271,13
1,2,3,199,199,0,100,1,1e-4,FALSE,0.6,0,1500,FALSE,regular,BirthSelection,0.3,-1150302005,1500,0,16,2.2330400548479443,37948,14
1,3,3,199,199,0,100,1,1e-4,FALSE,0.6,0,1500,FALSE,regular,BirthSelection,0.3,-1150302005,1500,0,17,2.2378074127257923,38340,15
1,1.1,4,199,199,0,100,1,1e-4,FALSE,0.6,0,1500,FALSE,regular,BirthSelection,0.3,-1150302005,1500,0,18,2.493683722383238,37303,16
1,1.2,4,199,199,0,100,1,1e-4,FALSE,0.6,0,1500,FALSE,regular,BirthSelection,0.3,-1150302005,1500,0,21,2.4765519005938392,37465,17
1,1.5,4,199,199,0,100,1,1e-4,FALSE,0.6,0,1500,FALSE,regular,BirthSelection,0.3,-1150302005,1500,0,18,2.4693198282716007,38037,18
1,2,4,199,199,0,100,1,1e-4,FALSE,0.6,0,1500,FALSE,regular,BirthSelection,0.3,-1150302005,1500,0,12,2.064959842440913,38475,19
1,3,4,199,199,0,100,1,1e-4,FALSE,0.6,0,1500,FALSE,regular,BirthSelection,0.3,-1150302005,1500,0,11,1.6829122874478986,38771,20
1,1.1,3,199,199,0,100,1,1e-4,FALSE,0.6,0,1500,FALSE,regular,BirthSelection,0.3,1982013642,1500,0,23,2.809781710823801,36504,11
1,1.2,3,199,199,0,100,1,1e-4,FALSE,0.6,0,1500,FALSE,regular,BirthSelection,0.3,1982013642,1500,0,24,2.4408426721676206,36526,12
1,1.5,3,199,199,0,100,1,1e-4,FALSE,0.6,0,1500,FALSE,regular,BirthSelection,0.3,1982013642,1500,0,18,2.382184739201985,37223,13
1,2,3,199,199,0,100,1,1e-4,FALSE,0.6,0,1500,FALSE,regular,BirthSelection,0.3,1982013642,1500,0,15,2.322268918150686,37834,14
1,3,3,199,199,0,100,1,1e-4,FALSE,0.6,0,1500,FALSE,regular,BirthSelection,0.3,1982013642,1500,0,11,1.8280265481381155,38294,15
1,1.1,4,199,199,0,100,1,1e-4,FALSE,0.6,0,1500,FALSE,regular,BirthSelection,0.3,1982013642,1500,0,22,2.6033152123557413,37297,16
1,1.2,4,199,199,0,100,1,1e-4,FALSE,0.6,0,1500,FALSE,regular,BirthSelection,0.3,1982013642,1500,0,20,2.6852147291961987,37491,17
1,1.5,4,199,199,0,100,1,1e-4,FALSE,0.6,0,1500,FALSE,regular,BirthSelection,0.3,1982013642,1500,0,19,2.5380397345825476,37988,18
1,2,4,199,199,0,100,1,1e-4,FALSE,0.6,0,1500,FALSE,regular,BirthSelection,0.3,1982013642,1500,0,16,2.313936952543404,38429,19
1,3,4,199,199,0,100,1,1e-4,FALSE,0.6,0,1500,FALSE,regular,BirthSelection,0.3,1982013642,1500,0,11,1.9587525301215376,38824,20
1,1.1,3,199,199,0,100,1,1e-4,FALSE,0.6,0,1500,FALSE,regular,BirthSelection,0.3,-813390500,1500,0,25,2.7172397184068293,36391,11
1,1.2,3,199,199,0,100,1,1e-4,FALSE,0.6,0,1500,FALSE,regular,BirthSelection,0.3,-813390500,1500,0,24,2.5635539509948284,36561,12
1,1.5,3,199,199,0,100,1,1e-4,FALSE,0.6,0,1500,FALSE,regular,BirthSelection,0.3,-813390500,1500,0,17,2.2992448745066327,37143,13
1,2,3,199,199,0,100,1,1e-4,FALSE,0.6,0,1500,FALSE,regular,BirthSelection,0.3,-813390500,1500,0,12,2.247975334924353,37747,14
1,3,3,199,199,0,100,1,1e-4,FALSE,0.6,0,1500,FALSE,regular,BirthSelection,0.3,-813390500,1500,0,11,1.884392755174176,38334,15
1,1.1,4,199,199,0,100,1,1e-4,FALSE,0.6,0,1500,FALSE,regular,BirthSelection,0.3,-813390500,1500,0,23,2.6790735607749783,37315,16
1,1.2,4,199,199,0,100,1,1e-4,FALSE,0.6,0,1500,FALSE,regular,BirthSelection,0.3,-813390500,1500,0,18,2.491474629760349,37542,17
1,1.5,4,199,199,0,100,1,1e-4,FALSE,0.6,0,1500,FALSE,regular,BirthSelection,0.3,-813390500,1500,0,18,2.4824634355999833,38136,18
1,2,4,199,199,0,100,1,1e-4,FALSE,0.6,0,1500,FALSE,regular,BirthSelection,0.3,-813390500,1500,0,14,2.2625902498987585,38488,19
1,3,4,199,199,0,100,1,1e-4,FALSE,0.6,0,1500,FALSE,regular,BirthSelection,0.3,-813390500,1500,0,10,2.0063009563819367,38869,20
